Post ID,Permalink,Post Message,Type,Countries,Languages,Posted,Audience Targeting,Lifetime Post Total Reach,Lifetime Post organic reach,Lifetime Post Paid Reach,Lifetime Post Total Impressions,Lifetime Post Organic Impressions,Lifetime Post Paid Impressions,Lifetime Engaged Users,Lifetime Matched Audience Targeting Consumers on Post,Lifetime Matched Audience Targeting Consumptions on Post,Lifetime Negative Feedback from Users,Lifetime Negative Feedback,Lifetime Post Impressions by people who have liked your Page,Lifetime Post reach by people who like your Page,Lifetime Post Paid Impressions by people who have liked your Page,Lifetime Paid reach of a post by people who like your Page,Lifetime People who have liked your Page and engaged with your post,Lifetime Organic views to 95%,Lifetime Organic views to 95%.1,Lifetime Paid views to 95%,Lifetime Paid views to 95%.1,Lifetime Organic Video Views,Lifetime Organic Video Views.1,Lifetime Paid Video Views,Lifetime Paid Video Views.1,Lifetime Average time video viewed,Lifetime Video length,Lifetime Post Stories by action type - like,Lifetime Post Stories by action type - share,Lifetime Post Stories by action type - comment,Project ID
,,,,,,,,"Lifetime: The number of people who had your Page's post enter their screen. Posts include statuses, photos, links, videos and more. (Unique Users)",Lifetime: The number of people who had your Page's post enter their screen through unpaid distribution. (Unique Users),Lifetime: The number of people who had your Page's post enter their screen through paid distribution such as an ad. (Unique Users),"Lifetime: The number of times your Page's post entered a person's screen. Posts include statuses, photos, links, videos and more. (Total Count)",Lifetime: The number of times your Page's posts entered a person's screen through unpaid distribution. (Total Count),Lifetime: The number of times your Page's post entered a person's screen through paid distribution such as an ad. (Total Count),"Lifetime: The number of unique people who engaged in certain ways with your Page post, for example by commenting on, liking, sharing, or clicking upon particular elements of the post. (Unique Users)",Lifetime: The number of people who matched the audience targeting that clicked anywhere in your post on News Feed. (Unique Users),Lifetime: The number of clicks anywhere in your post on News Feed from the user that matched the audience targeting on it. (Total Count),Lifetime: The number of people who have given negative feedback to your post. (Unique Users),Lifetime: The number of times people have given negative feedback to your post. (Total Count),Lifetime: The number of impressions of your Page post to people who have liked your Page. (Total Count),Lifetime: The number of people who saw your Page post because they've liked your Page (Unique Users),Lifetime: The number of paid impressions of your Page post to people who have liked your Page. (Total Count),Lifetime: The number of people who like your Page and who saw your Page post in an ad or sponsored story. (Unique Users),Lifetime: The number of people who have liked your Page and clicked anywhere in your posts. (Unique Users),Lifetime: Number of times your video was viewed to 95% of its length without any paid promotion. (Unique Users),Lifetime: Number of times your video was viewed to 95% of its length without any paid promotion. (Total Count),Lifetime: Number of times your video was viewed to 95% of its length after paid promotion. (Unique Users),Lifetime: Number of times your video was viewed to 95% of its length after paid promotion. (Total Count),Lifetime: Number of times your video was viewed for more than 3 seconds without any paid promotion. (Unique Users),Lifetime: Number of times your video was viewed for more than 3 seconds without any paid promotion. (Total Count),Lifetime: Number of times your video was viewed more than 3 seconds after paid promotion. (Unique Users),Lifetime: Number of times your video was viewed more than 3 seconds after paid promotion. (Total Count),Lifetime: Average time video viewed (Total Count),Lifetime: Length of a video post (Total Count),"Lifetime: The number of stories created about your Page post, by action type. (Total Count)",,,
357045034501999_424522614420907,https://www.facebook.com/weareotv/posts/424522614420907,"&quot;Now we’re in the  limelight with this weird, narrow window to attain exposure and money  and  visibility, and every trans woman who can needs  to try and get a piece.&quot; 
#translivesmatter #transamerica #transgirls",Link,,,09/30/2015 02:52:14 PM, ,0,0,0,0,0,0,0,0,0,0,0,0,0,0,0,0,0,0,0,0,0,0,0,0,0,0,2,,,None
357045034501999_424472044425964,https://www.facebook.com/weareotv/posts/424472044425964,"Episode  2 of #FUTUREWOMEN is now LIVE. Go forth and explore the development of Honey Pot Performance's characters in Ma(s)king Her, a dance-theater work of speculative fiction about empowered future beings and journeywomen.
#weareopentv #futurewomen #opentvoriginals #hpp2015",Link,,,09/30/2015 07:59:03 AM, ,0,0,0,0,0,0,0,0,0,0,0,0,0,0,0,0,0,0,0,0,0,0,0,0,0,0,10,7.0,1.0,FW|FW
357045034501999_422367671303068,https://www.facebook.com/weareotv/posts/422367671303068,"Don't you even dare think about sleeping on Nic Kay's solo performance at one of our favorite venues, Links Hall, opening this Friday, September 25th.",Photo,,,09/21/2015 08:02:10 AM, ,0,0,0,0,0,0,0,0,0,0,0,0,0,0,0,0,0,0,0,0,0,0,0,0,0,0,6,,,None
357045034501999_421619934711175,https://www.facebook.com/weareotv/posts/421619934711175,"Come and get your pure, sweet life with Honey Pot Performance and the #OpenTV family tomorrow at The Silver Room!",Link,,,09/18/2015 09:45:05 AM, ,0,0,0,0,0,0,0,0,0,0,0,0,0,0,0,0,0,0,0,0,0,0,0,0,0,0,6,,1.0,None
357045034501999_421595268046975,https://www.facebook.com/weareotv/posts/421595268046975,Go dance w/ Hijo Pródigo tonight in loop + get your Fall/Winter lqqks together!,Link,,,09/18/2015 08:19:49 AM, ,0,0,0,0,0,0,0,0,0,0,0,0,0,0,0,0,0,0,0,0,0,0,0,0,0,0,3,,,None
357045034501999_420664111473424,https://www.facebook.com/weareotv/posts/420664111473424,Radical Compliance : Freedom Lover FIlms,Link,,,09/14/2015 06:47:47 PM, ,0,0,0,0,0,0,0,0,0,0,0,0,0,0,0,0,0,0,0,0,0,0,0,0,0,0,2,,,None
