Post ID,Permalink,Post Message,Type,Countries,Languages,Posted,Audience Targeting,Lifetime Post Total Reach,Lifetime Post organic reach,Lifetime Post Paid Reach,Lifetime Post Total Impressions,Lifetime Post Organic Impressions,Lifetime Post Paid Impressions,Lifetime Engaged Users,Lifetime Matched Audience Targeting Consumers on Post,Lifetime Matched Audience Targeting Consumptions on Post,Lifetime Negative Feedback from Users,Lifetime Negative Feedback,Lifetime Post Impressions by people who have liked your Page,Lifetime Post reach by people who like your Page,Lifetime Post Paid Impressions by people who have liked your Page,Lifetime Paid reach of a post by people who like your Page,Lifetime People who have liked your Page and engaged with your post,Lifetime Organic views to 95%,Lifetime Organic views to 95%.1,Lifetime Paid views to 95%,Lifetime Paid views to 95%.1,Lifetime Organic Video Views,Lifetime Organic Video Views.1,Lifetime Paid Video Views,Lifetime Paid Video Views.1,Lifetime Average time video viewed,Lifetime Video length,Lifetime Talking About This (Post) by action type - share,Lifetime Talking About This (Post) by action type - like,Lifetime Talking About This (Post) by action type - comment,Lifetime Post Stories by action type - share,Lifetime Post Stories by action type - like,Lifetime Post Stories by action type - comment,Lifetime Post Audience Targeting Unique Consumptions by Type - other clicks,Lifetime Post Audience Targeting Unique Consumptions by Type - link clicks,Lifetime Post Audience Targeting Unique Consumptions by Type - video play,Lifetime Matched Audience Targeting Consumptions by Type - other clicks,Lifetime Matched Audience Targeting Consumptions by Type - link clicks,Lifetime Matched Audience Targeting Consumptions by Type - video play,Project ID
,,,,,,,,"Lifetime: The number of people who had your Page's post enter their screen. Posts include statuses, photos, links, videos and more. (Unique Users)",Lifetime: The number of people who had your Page's post enter their screen through unpaid distribution. (Unique Users),Lifetime: The number of people who had your Page's post enter their screen through paid distribution such as an ad. (Unique Users),"Lifetime: The number of times your Page's post entered a person's screen. Posts include statuses, photos, links, videos and more. (Total Count)",Lifetime: The number of times your Page's posts entered a person's screen through unpaid distribution. (Total Count),Lifetime: The number of times your Page's post entered a person's screen through paid distribution such as an ad. (Total Count),"Lifetime: The number of unique people who engaged in certain ways with your Page post, for example by commenting on, liking, sharing, or clicking upon particular elements of the post. (Unique Users)",Lifetime: The number of people who matched the audience targeting that clicked anywhere in your post on News Feed. (Unique Users),Lifetime: The number of clicks anywhere in your post on News Feed from the user that matched the audience targeting on it. (Total Count),Lifetime: The number of people who have given negative feedback to your post. (Unique Users),Lifetime: The number of times people have given negative feedback to your post. (Total Count),Lifetime: The number of impressions of your Page post to people who have liked your Page. (Total Count),Lifetime: The number of people who saw your Page post because they've liked your Page (Unique Users),Lifetime: The number of paid impressions of your Page post to people who have liked your Page. (Total Count),Lifetime: The number of people who like your Page and who saw your Page post in an ad or sponsored story. (Unique Users),Lifetime: The number of people who have liked your Page and clicked anywhere in your posts. (Unique Users),Lifetime: Number of times your video was viewed to 95% of its length without any paid promotion. (Unique Users),Lifetime: Number of times your video was viewed to 95% of its length without any paid promotion. (Total Count),Lifetime: Number of times your video was viewed to 95% of its length after paid promotion. (Unique Users),Lifetime: Number of times your video was viewed to 95% of its length after paid promotion. (Total Count),Lifetime: Number of times your video was viewed for more than 3 seconds without any paid promotion. (Unique Users),Lifetime: Number of times your video was viewed for more than 3 seconds without any paid promotion. (Total Count),Lifetime: Number of times your video was viewed more than 3 seconds after paid promotion. (Unique Users),Lifetime: Number of times your video was viewed more than 3 seconds after paid promotion. (Total Count),Lifetime: Average time video viewed (Total Count),Lifetime: Length of a video post (Total Count),Lifetime: The number of unique people who created a story about your Page post by interacting with it. (Unique Users),,,"Lifetime: The number of stories created about your Page post, by action type. (Total Count)",,,"Lifetime: The number of people who matched the audience targeting on the post that clicked anywhere in the post on News Feed, by type. (Unique Users)",,,"Lifetime: The number of clicks anywhere in the post on News Feed from users that matched the audience targeting on the post, by type. (Total Count)",,,
357045034501999_1170319669841194,https://www.facebook.com/weareotv/posts/1170319669841194,"The Rumors are true: We're looking to hire a Development Officer. In this new role, you'll work intimately with the current Head of Research &amp; Development, Aymar Jean Christian to coordinate the distribution of OTV projects in 2020 and assist artists in developing scripts, pilots, series, video art and their careers! 

Thanks to a generous grant by Pop Culture Collab and the Surdna Foundation this role will work with OTV's Executive Director, Eli Micky to support the development of the first-ever #OTVcurriculm and many more exciting initiatives to be announced in 2020! 

Deadline to Apply: December 15 
Tenative Start Date: Feb 1, 2019 
Application: www.weareo.tv/build",,,,11/30/2019 04:04:34 AM, ,810,810,0,828,828,0,44,37,46,0,0,562,555,0,0,37,0,0,0,0,0,0,0,0,0,0,2,13.0,,2,13.0,,25,17.0,,29,17.0,,None
357045034501999_1169623079910853,https://www.facebook.com/weareotv/posts/1169623079910853,"SURPRISE DRIP!  
Episode 2 of The Right Swipe is LIVE on OTV - Open Television! 

#weareotv",Link,,,11/29/2019 07:40:41 AM, ,244,244,0,263,263,0,17,10,10,0,0,238,224,0,0,14,0,0,0,0,0,0,0,0,0,0,,8.0,1.0,,9.0,1.0,5,5.0,,5,5.0,,TRS|OTV
357045034501999_1165384033668091,https://www.facebook.com/weareotv/posts/1165384033668091,Congrats to the #BrownGirlsTV team for making the A.V. Club’s Best of the Decade!,Link,,,11/24/2019 10:33:28 AM, ,321,321,0,341,341,0,32,9,11,0,0,315,299,0,0,25,0,0,0,0,0,0,0,0,0,0,1,26.0,1.0,1,29.0,1.0,2,8.0,,3,8.0,,None
357045034501999_1161225624083932,https://www.facebook.com/weareotv/posts/1161225624083932,"Living for this sharp review of VAM's Damaged Goods!

&quot;Damaged Goods&quot; has, possibly, one contender in the Streamy Awards Indie Series category. But with its realistic writing and savvy directing, it’s truly hard to imagine that, come December 13, another show will walk away with that award.

“As a queer Black femme artist consistently failing to make do in New York City, I appreciated this show’s capacity to make real The Struggle without romanticizing it while still advocating for the humanity, humor, and intrinsic value of The Struggling.&quot;

#streamys #streamys2019 #streamyawards",Link,,,11/19/2019 05:53:41 PM, ,463,463,0,470,470,0,40,19,23,0,0,444,440,0,0,34,0,0,0,0,0,0,0,0,0,0,2,22.0,1.0,2,22.0,1.0,16,6.0,,17,6.0,,DG
357045034501999_1148307638709064,https://www.facebook.com/weareotv/posts/1148307638709064,"Are you a storyteller, creative or filmmakers, living in or coming to Joburg in December and who identifies as Black AND ... queer, femme, crip, undocumented, Latinx, Muslim, or something else the world struggles to understand?

Listen up! We're partnering with some friends in South Africa to bring you the #BraveFuturesFilmRace, the first-ever 48 hour intersectional film race. 

Each competing team will have exactly 48 hours to conceive, produce, edit and submit a film that incorporates 1 theme, 1 prop and 1 action — all to be released at the race official kickoff event on December 6 at J&amp;B Hive. The winning films will:
- Win a cash prize and tickets to AFROPUNK Joburg 2019 Festival
- Score a distribution deal with OTV - Open Television, an Emmy-nominated, two-time Streamy Awards-winning intersectional web platform
- +++ more to be announced 

Watch this video and pre-register by November 25! 

www.bravefuturesfilmrace.com",Video,,,11/04/2019 10:53:09 AM, ,956,956,0,998,998,0,61,31,42,0,0,453,415,0,0,38,5,5,0,0,259,290,0,0,5370,89557,4,38.0,1.0,4,47.0,1.0,27,5.0,2.0,35,5.0,2.0,OTV
