"Tweet id","Tweet permalink","Tweet text","time","impressions","engagements","engagement rate","retweets","replies","likes","user profile clicks","url clicks","hashtag clicks","detail expands","permalink clicks","app opens","app installs","follows","email tweet","dial phone","media views","media engagements","promoted impressions","promoted engagements","promoted engagement rate","promoted retweets","promoted replies","promoted likes","promoted user profile clicks","promoted url clicks","promoted hashtag clicks","promoted detail expands","promoted permalink clicks","promoted app opens","promoted app installs","promoted follows","promoted email tweet","promoted dial phone","promoted media views","promoted media engagements"
"712742993590165504","https://twitter.com/weareotv/status/712742993590165504","""My trust in her had to be complete, and I was not let down."" @kingisafink talk #fulloutseries  https://t.co/M11mmGcdKc #OpenTVCommunity","2016-03-23 20:49 +0000","599.0","23.0","0.038397328881469114","2.0","1.0","0.0","1.0","7.0","1.0","11.0","0.0","0","0","0","0","0","0","0","-","-","-","-","-","-","-","-","-","-","-","-","-","-","-","-","-","-"
"712727379244879872","https://twitter.com/weareotv/status/712727379244879872","""Julie and I started making #webseries about five years ago"" - @kingisakink's spotlight in the #OpenTVcommunity https://t.co/M11mmGcdKc","2016-03-23 19:47 +0000","448.0","4.0","0.008928571428571428","1.0","0.0","1.0","0.0","2.0","0.0","0.0","0.0","0","0","0","0","0","0","0","-","-","-","-","-","-","-","-","-","-","-","-","-","-","-","-","-","-"
"712726477280833536","https://twitter.com/weareotv/status/712726477280833536","""I am an #artistic free spirt. I like to dip my feet in a lot of different art forms"" https://t.co/eeIfVx3Tcr #OpenTVCommunity #weareopentv","2016-03-23 19:43 +0000","488.0","1.0","0.0020491803278688526","1.0","0.0","0.0","0.0","0.0","0.0","0.0","0.0","0","0","0","0","0","0","0","-","-","-","-","-","-","-","-","-","-","-","-","-","-","-","-","-","-"
"712373838236016640","https://twitter.com/weareotv/status/712373838236016640","We highly encourage you to get caught up with episodes 1-4 of #FullOutSeries before tomorrow's #seasonfinale: https://t.co/DtbFmcXZuD","2016-03-22 20:22 +0000","338.0","9.0","0.026627218934911243","0.0","0.0","0.0","2.0","6.0","0.0","1.0","0.0","0","0","0","0","0","0","0","-","-","-","-","-","-","-","-","-","-","-","-","-","-","-","-","-","-"
"712345490117910528","https://twitter.com/weareotv/status/712345490117910528","We're cooking up a bunch of magic this #Spring season! Make sure you stayed tuned in! Sign up for the #OpenTVProgram https://t.co/hRsfHOB8bX","2016-03-22 18:29 +0000","300.0","0.0","0.0","0.0","0.0","0.0","0.0","0.0","0.0","0.0","0.0","0","0","0","0","0","0","0","-","-","-","-","-","-","-","-","-","-","-","-","-","-","-","-","-","-"
"710591319786262528","https://twitter.com/weareotv/status/710591319786262528","Sign up for the #OpenTVProgram to keep up with us as we move and shake: https://t.co/gFGU1efORj #weareopentv https://t.co/jRdeWNDU2q","2016-03-17 22:19 +0000","373.0","2.0","0.005361930294906166","0.0","0.0","0.0","1.0","1.0","0.0","0.0","0.0","0","0","0","0","0","0","0","-","-","-","-","-","-","-","-","-","-","-","-","-","-","-","-","-","-"
"710199533490327552","https://twitter.com/weareotv/status/710199533490327552","Have you listened to @MisterWallaceII's new EP? Stream today on https://t.co/x8kQd4xlLD #futurehood2016 #opentvcommunity","2016-03-16 20:22 +0000","286.0","0.0","0.0","0.0","0.0","0.0","0.0","0.0","0.0","0.0","0.0","0","0","0","0","0","0","0","-","-","-","-","-","-","-","-","-","-","-","-","-","-","-","-","-","-"
"710168582597042176","https://twitter.com/weareotv/status/710168582597042176","Chapter Four of @YoureSoTalented is LIVE tomorrow! Catch up with the first three episodes: https://t.co/R3fhmHHbPR https://t.co/4gFLc5DjYh","2016-03-16 18:19 +0000","320.0","5.0","0.015625","0.0","0.0","1.0","1.0","2.0","0.0","0.0","0.0","0","0","0","0","0","1","1","-","-","-","-","-","-","-","-","-","-","-","-","-","-","-","-","-","-"
"709822795413364736","https://twitter.com/weareotv/status/709822795413364736","Watch episodes 1-4 of @kingisafink's #FullOutSeries exclusively at #weareopentv https://t.co/9mGzCK5SYb #opentvcommunity","2016-03-15 19:25 +0000","346.0","10.0","0.028901734104046242","1.0","0.0","0.0","0.0","5.0","1.0","3.0","0.0","0","0","0","0","0","0","0","-","-","-","-","-","-","-","-","-","-","-","-","-","-","-","-","-","-"
"709822779605045253","https://twitter.com/weareotv/status/709822779605045253","Don't forget to sign up for this beautiful and international class happening on March 19th from 3-6pm https://t.co/amoXtQLMcQ #weareopentv","2016-03-15 19:25 +0000","286.0","0.0","0.0","0.0","0.0","0.0","0.0","0.0","0.0","0.0","0.0","0","0","0","0","0","0","0","-","-","-","-","-","-","-","-","-","-","-","-","-","-","-","-","-","-"
"709476208514244608","https://twitter.com/weareotv/status/709476208514244608","Thanks for the LOVE! Stay tuned for more! Chapter Four of @YoureSoTalented is LIVE this Thursday (3/17) #weareopentv https://t.co/HcI9u9i7pp","2016-03-14 20:28 +0000","343.0","1.0","0.0029154518950437317","0.0","0.0","1.0","0.0","0.0","0.0","0.0","0.0","0","0","0","0","0","0","0","-","-","-","-","-","-","-","-","-","-","-","-","-","-","-","-","-","-"
"709473303363104768","https://twitter.com/weareotv/status/709473303363104768","did you catch the latest #OpenTVProgram? https://t.co/0ipEjeLXVY #weareopentv #opentvcommunity https://t.co/XMTKI8Vzkf","2016-03-14 20:16 +0000","469.0","3.0","0.006396588486140725","1.0","0.0","1.0","0.0","1.0","0.0","0.0","0.0","0","0","0","0","0","0","0","-","-","-","-","-","-","-","-","-","-","-","-","-","-","-","-","-","-"
"707602023777046529","https://twitter.com/weareotv/status/707602023777046529","Episode Four of #FullOutSeries is now LIVE! ""In the Air""  https://t.co/pdMRVL1ZHt #weareopentv #opentvoriginals @kingisafink","2016-03-09 16:20 +0000","1873.0","47.0","0.025093432995194873","2.0","0.0","3.0","8.0","2.0","12.0","17.0","0.0","0","0","0","0","0","3","3","-","-","-","-","-","-","-","-","-","-","-","-","-","-","-","-","-","-"
"706207205645787136","https://twitter.com/weareotv/status/706207205645787136","Happy Saturday! It seems like a fine day to tune into @profajchristian's interview w/ @RoyKinsey: https://t.co/L12AAnTg7x #readingcamefirst","2016-03-05 19:58 +0000","626.0","11.0","0.01757188498402556","2.0","0.0","1.0","0.0","1.0","0.0","7.0","0.0","0","0","0","0","0","0","0","-","-","-","-","-","-","-","-","-","-","-","-","-","-","-","-","-","-"
"705874987899604992","https://twitter.com/weareotv/status/705874987899604992","Don't miss out on @womanuntamed's class on March 19th from 3-6pm. More details here: https://t.co/lwIGDQlM3C #OpenTVCommunity #weareopentv","2016-03-04 21:58 +0000","255.0","0.0","0.0","0.0","0.0","0.0","0.0","0.0","0.0","0.0","0.0","0","0","0","0","0","0","0","-","-","-","-","-","-","-","-","-","-","-","-","-","-","-","-","-","-"
"705859885980884992","https://twitter.com/weareotv/status/705859885980884992","The next #OpenTVProgram goes out next week. Are you on the list? https://t.co/rhaDn6gdfJ #newsletter #weareopentv","2016-03-04 20:58 +0000","199.0","0.0","0.0","0.0","0.0","0.0","0.0","0.0","0.0","0.0","0.0","0","0","0","0","0","0","0","-","-","-","-","-","-","-","-","-","-","-","-","-","-","-","-","-","-"
"705497553240981504","https://twitter.com/weareotv/status/705497553240981504","Did you miss the #OpenTVMarathon? Take a peek at some of our favorite moments that were captured: https://t.co/52gdiEmrdW #thesetspeaks","2016-03-03 20:58 +0000","360.0","4.0","0.011111111111111112","1.0","0.0","1.0","0.0","2.0","0.0","0.0","0.0","0","0","0","0","0","0","0","-","-","-","-","-","-","-","-","-","-","-","-","-","-","-","-","-","-"
"705452191109222401","https://twitter.com/weareotv/status/705452191109222401","Chapter Three of @YoureSoTalented is now LIVE on #weareopentv: Watch and share &lt;3 https://t.co/tNqGsDyZdQ #youresotalented #opentvoriginals","2016-03-03 17:58 +0000","227.0","2.0","0.00881057268722467","1.0","0.0","0.0","0.0","1.0","0.0","0.0","0.0","0","0","0","0","0","0","0","-","-","-","-","-","-","-","-","-","-","-","-","-","-","-","-","-","-"
