"Tweet id","Tweet permalink","Tweet text","time","impressions","engagements","engagement rate","retweets","replies","likes","user profile clicks","url clicks","hashtag clicks","detail expands","permalink clicks","app opens","app installs","follows","email tweet","dial phone","media views","media engagements","promoted impressions","promoted engagements","promoted engagement rate","promoted retweets","promoted replies","promoted likes","promoted user profile clicks","promoted url clicks","promoted hashtag clicks","promoted detail expands","promoted permalink clicks","promoted app opens","promoted app installs","promoted follows","promoted email tweet","promoted dial phone","promoted media views","promoted media engagements"
"887432600314421248","https://twitter.com/weareotv/status/887432600314421248","Watch all of Season 2 of Two Queens in a Kitchen NOW! TY to @outmagazine for the exclusive coverage. Watch here: https://t.co/gWhhtqeMNi https://t.co/xZjBEpBF2m","2017-07-18 22:03 +0000","1254.0","22.0","0.017543859649122806","2.0","0.0","4.0","3.0","1.0","0.0","2.0","0.0","0","0","0","0","0","234","10","-","-","-","-","-","-","-","-","-","-","-","-","-","-","-","-","-","-"
"887395626505445376","https://twitter.com/weareotv/status/887395626505445376","Full season of #TwoQueensinaKitchen S2 drops @ 5p EST, snack on the exclusive prev of ep 1 on @outmagazine 🔥 NOW 🔥 https://t.co/JC0G6oUExE https://t.co/K6jOg0uvEt","2017-07-18 19:36 +0000","598.0","8.0","0.013377926421404682","2.0","0.0","1.0","3.0","0.0","0.0","2.0","0.0","0","0","0","0","0","0","0","-","-","-","-","-","-","-","-","-","-","-","-","-","-","-","-","-","-"
"885536247707557892","https://twitter.com/weareotv/status/885536247707557892","GO OFF @BGWebSeries ! Huge congratulations for being nominated for an #EMMY !! https://t.co/TNXQekyX1w","2017-07-13 16:27 +0000","764.0","8.0","0.010471204188481676","3.0","0.0","5.0","0.0","0.0","0.0","0.0","0.0","0","0","0","0","0","0","0","-","-","-","-","-","-","-","-","-","-","-","-","-","-","-","-","-","-"
"883048630877343744","https://twitter.com/weareotv/status/883048630877343744","These Queer Latino Brujos Have Something to Tell You.  https://t.co/c4Pv34yRvC @brujostv606 is shooting the rest of season 1 in 3 weeks!","2017-07-06 19:42 +0000","326.0","6.0","0.018404907975460124","0.0","0.0","2.0","0.0","2.0","0.0","2.0","0.0","0","0","0","0","0","0","0","-","-","-","-","-","-","-","-","-","-","-","-","-","-","-","-","-","-"
