"Tweet id","Tweet permalink","Tweet text","time","impressions","engagements","engagement rate","retweets","replies","likes","user profile clicks","url clicks","hashtag clicks","detail expands","permalink clicks","app opens","app installs","follows","email tweet","dial phone","media views","media engagements","promoted impressions","promoted engagements","promoted engagement rate","promoted retweets","promoted replies","promoted likes","promoted user profile clicks","promoted url clicks","promoted hashtag clicks","promoted detail expands","promoted permalink clicks","promoted app opens","promoted app installs","promoted follows","promoted email tweet","promoted dial phone","promoted media views","promoted media engagements"
"990046706724155396","https://twitter.com/weareotv/status/990046706724155396","Going Through A Breakup? This New Web-Series, @GeetasGuide To Moving On, Gets It https://t.co/RbTShvLpTr #femalefilmmakerfriday https://t.co/1apvxkDOuh","2018-04-28 01:55 +0000","308.0","2.0","0.006493506493506494","0.0","0.0","1.0","0.0","0.0","0.0","0.0","0.0","0","0","0","0","0","1","1","-","-","-","-","-","-","-","-","-","-","-","-","-","-","-","-","-","-"
"989973977715048448","https://twitter.com/weareotv/status/989973977715048448",".@RicardxGamboa's @brujostv606 Is A Queer Latinx Magic Revolution https://t.co/g1TTX5CrxD Watch #brujostv now at https://t.co/5r0qkniC2n https://t.co/9O1pTPLKEo","2018-04-27 21:06 +0000","822.0","16.0","0.019464720194647202","1.0","0.0","5.0","2.0","2.0","0.0","2.0","0.0","0","0","0","0","0","4","4","-","-","-","-","-","-","-","-","-","-","-","-","-","-","-","-","-","-"
"989648172652908544","https://twitter.com/weareotv/status/989648172652908544","Happy #lesbianvisibilityday ! We're celebrating with the release of #QuareLife https://t.co/a8a2319aLb a comedy web series following the lives of four queer women of color in Chicago.","2018-04-26 23:31 +0000","760.0","17.0","0.02236842105263158","3.0","0.0","4.0","1.0","3.0","1.0","5.0","0.0","0","0","0","0","0","0","0","-","-","-","-","-","-","-","-","-","-","-","-","-","-","-","-","-","-"
"989582327423668225","https://twitter.com/weareotv/status/989582327423668225","Support this amazing #OTVcommunity project created by @beacordelia and @danielkyri ! Former lovers/best friends Jo  &amp; Carter, a trans woman &amp; queer Black man, search for love, sex, &amp; kinship in their native Chicago.  https://t.co/1QUW1AilAr","2018-04-26 19:09 +0000","1128.0","22.0","0.01950354609929078","5.0","0.0","6.0","4.0","7.0","0.0","0.0","0.0","0","0","0","0","0","0","0","-","-","-","-","-","-","-","-","-","-","-","-","-","-","-","-","-","-"
"989545538793103360","https://twitter.com/weareotv/status/989545538793103360","You can now watch all of @GeetasGuide season 1 on https://t.co/NQEaxD8mnu ! Pick up where we left off and watch Episode 4 now:
https://t.co/nwKZaeHtor","2018-04-26 16:43 +0000","2966.0","12.0","0.004045853000674309","2.0","0.0","1.0","1.0","6.0","0.0","1.0","0.0","0","0","0","0","0","1","1","-","-","-","-","-","-","-","-","-","-","-","-","-","-","-","-","-","-"
"988837223691776000","https://twitter.com/weareotv/status/988837223691776000","When her girlfriend not only rejects her marriage proposal but also breaks up with her, thirties-something Black professional MICHELLE JONES finds herself unemployed, unengaged, and without a home. #Quarelife premieres #OTVWednesday @ChiCulturCenter. RSVP: https://t.co/ERUMUFiHVy https://t.co/E69dsNFQ4c","2018-04-24 17:49 +0000","275.0","21.0","0.07636363636363637","0.0","0.0","3.0","0.0","4.0","0.0","2.0","0.0","0","0","0","0","0","12","12","-","-","-","-","-","-","-","-","-","-","-","-","-","-","-","-","-","-"
"988472586156769283","https://twitter.com/weareotv/status/988472586156769283","“Gentrification is awkward, painful and funny in this new web series on North Oakland” https://t.co/GN9WFPCHtC Watch The North Pole now on #OTV https://t.co/8SEQZuI6K4 https://t.co/K36wVkKXkp","2018-04-23 17:40 +0000","392.0","7.0","0.017857142857142856","0.0","0.0","2.0","0.0","4.0","0.0","0.0","0.0","0","0","0","0","0","1","1","-","-","-","-","-","-","-","-","-","-","-","-","-","-","-","-","-","-"
"988458157910380544","https://twitter.com/weareotv/status/988458157910380544","This #OTVWednesday meet Akua, the newest person here to help Geeta move on. We will be premiering episodes 4-12 of @GeetasGuide from 6-8p at @ChiCulturCenter ! Don't forget to RSVP: https://t.co/ERUMUFiHVy https://t.co/QT6MQQPQ1B","2018-04-23 16:42 +0000","438.0","10.0","0.0228310502283105","1.0","0.0","3.0","0.0","0.0","0.0","0.0","0.0","0","0","0","0","0","54","6","-","-","-","-","-","-","-","-","-","-","-","-","-","-","-","-","-","-"
"987147619536457728","https://twitter.com/weareotv/status/987147619536457728","Meet the Gidwanis next #OTVWednesday as we premiere all-new episodes of @GeetasGuide by @PujaMohindra https://t.co/VjVODMfRBK Don't forget to RSVP: https://t.co/ERUMUF1740 https://t.co/An3qH9l9U3","2018-04-20 01:55 +0000","582.0","9.0","0.015463917525773196","1.0","0.0","3.0","0.0","2.0","0.0","1.0","0.0","0","0","0","0","0","2","2","-","-","-","-","-","-","-","-","-","-","-","-","-","-","-","-","-","-"
"986966552129036288","https://twitter.com/weareotv/status/986966552129036288","OTV Re-Presents - The North Pole is now available! @North_Pole_Show is a political comedy about today's most pressing social issues: #Gentrification. Global Warming. And Gluten-Free Donuts. https://t.co/utr1AdkSAQ #webseries #oakland","2018-04-19 13:55 +0000","1697.0","8.0","0.004714201532115498","2.0","0.0","3.0","2.0","0.0","0.0","0.0","0.0","0","0","0","0","0","1","1","-","-","-","-","-","-","-","-","-","-","-","-","-","-","-","-","-","-"
"986688935270277120","https://twitter.com/weareotv/status/986688935270277120","Gia and Curtis then (Nupita Obama) and now (Hair Story). Watch a sneak peak of Hair Story with us tonight at @ChiCulturCenter for #OTVWednesday doors at 6pm in Claudia Cassidy RSVP: https://t.co/t4dczYzQXs https://t.co/C49sYSdXKx","2018-04-18 19:32 +0000","358.0","10.0","0.027932960893854747","1.0","0.0","3.0","2.0","0.0","0.0","0.0","0.0","0","0","0","0","0","4","4","-","-","-","-","-","-","-","-","-","-","-","-","-","-","-","-","-","-"
"986680869065756678","https://twitter.com/weareotv/status/986680869065756678","#behindthescenes of Hair Story! Catch the sneak peak tonight with us at #OTVWednesday at @ChiCulturCenter - doors at 6pm. RSVP: https://t.co/t4dczYzQXs https://t.co/4xDi8IXOU6","2018-04-18 19:00 +0000","708.0","12.0","0.01694915254237288","4.0","0.0","1.0","0.0","3.0","0.0","0.0","0.0","0","0","0","0","0","4","4","-","-","-","-","-","-","-","-","-","-","-","-","-","-","-","-","-","-"
"986583166772305920","https://twitter.com/weareotv/status/986583166772305920","Puja Mohindra turns heartbreak into comedy in ‘Geeta’s Guide to Moving On’ - The Teal Mango https://t.co/eKCPRXj7DI Watch with us 4/25 at @ChiCulturCenter RSVP: https://t.co/ERUMUF1740 #OTVWednesday https://t.co/IexXgg5AZX","2018-04-18 12:32 +0000","548.0","5.0","0.009124087591240875","1.0","0.0","3.0","0.0","0.0","0.0","1.0","0.0","0","0","0","0","0","0","0","-","-","-","-","-","-","-","-","-","-","-","-","-","-","-","-","-","-"
"986300958312402945","https://twitter.com/weareotv/status/986300958312402945","Facing both #gentrification and global warming, Nina, Marcus, and Benny, combat evil landlords, crazy geoengineering plots, and ultimately each other. Watch @North_Pole_Show with us tomorrow on #OTVWednesday at @ChiCulturCenter https://t.co/t4dczYzQXs #webseries https://t.co/xFdEaRr8CG","2018-04-17 17:50 +0000","942.0","50.0","0.05307855626326964","0.0","0.0","1.0","2.0","0.0","0.0","0.0","0.0","0","0","0","0","0","124","47","-","-","-","-","-","-","-","-","-","-","-","-","-","-","-","-","-","-"
"986006785826865154","https://twitter.com/weareotv/status/986006785826865154",".@fckyesseries is a modern sex ed series focused on improving communication (and sex) between consenting adults. In this episode, starring #TheTTV co-creator @danielkyri and @CGiovanniMcB , a couple negotiates a threesome. #SAAM #consentissexy https://t.co/pVJL5uwYJW","2018-04-16 22:21 +0000","880.0","16.0","0.01818181818181818","3.0","0.0","3.0","4.0","1.0","1.0","2.0","0.0","0","2","0","0","0","0","0","-","-","-","-","-","-","-","-","-","-","-","-","-","-","-","-","-","-"
"985939958509731840","https://twitter.com/weareotv/status/985939958509731840","""Rather than making consent stressful — like, 'consent, or else!' — our goal of the series is to make getting affirmative consent a part of the sexual experience,"" -director @emilybest @fckyesseries is now available on https://t.co/NQEaxCQLvW! #SAAM https://t.co/Q9QJdpGv2a","2018-04-16 17:56 +0000","1083.0","8.0","0.007386888273314866","2.0","1.0","4.0","1.0","0.0","0.0","0.0","0.0","0","0","0","0","0","0","0","-","-","-","-","-","-","-","-","-","-","-","-","-","-","-","-","-","-"
"984901156903190529","https://twitter.com/weareotv/status/984901156903190529","Next #OTVwednesday we're screening @North_Pole_Show a comedic web series based in #Oakland, CA highlighting the fight against #Gentrification, Global Warming and Gluten-Free Donuts. RSVP: https://t.co/yPal3H0XFD https://t.co/ge8p4PdAua","2018-04-13 21:08 +0000","1645.0","13.0","0.007902735562310031","1.0","0.0","2.0","2.0","4.0","0.0","4.0","0.0","0","0","0","0","0","0","0","-","-","-","-","-","-","-","-","-","-","-","-","-","-","-","-","-","-"
"984109942759141376","https://twitter.com/weareotv/status/984109942759141376","It's finally #OTVWednesday - join us for the premiere of ""The Roach is Coming"" by Derrick Woods-Morrow. Doors at 6pm don't forget to RSVP https://t.co/sk31I6n2mb https://t.co/8yQzLUJc8I","2018-04-11 16:44 +0000","190.0","0.0","0.0","0.0","0.0","0.0","0.0","0.0","0.0","0.0","0.0","0","0","0","0","0","16","0","-","-","-","-","-","-","-","-","-","-","-","-","-","-","-","-","-","-"
"983502963284103168","https://twitter.com/weareotv/status/983502963284103168","#OTVWednesday is back this week with @FckYesSeries by @kingisafink and ""The Roach is Coming"" by Derrick Woods-Morrow. See you at @ChiCulturCenter doors at 6pm. RSVP: https://t.co/sk31I6n2mb https://t.co/rGcV7ZgQVq","2018-04-10 00:32 +0000","284.0","2.0","0.007042253521126761","0.0","0.0","1.0","0.0","0.0","0.0","0.0","0.0","0","0","0","0","0","1","1","-","-","-","-","-","-","-","-","-","-","-","-","-","-","-","-","-","-"
"982001443614969857","https://twitter.com/weareotv/status/982001443614969857","See you on 4/11 for the next #OTVWednesday! In the mean time check out this recorded livestream with the creators of @velvetwebseries and #ExquisiteCorpseDIY https://t.co/d4e3MJkHiN","2018-04-05 21:06 +0000","325.0","2.0","0.006153846153846154","0.0","0.0","1.0","0.0","0.0","0.0","1.0","0.0","0","0","0","0","0","0","0","-","-","-","-","-","-","-","-","-","-","-","-","-","-","-","-","-","-"
"981928710277337089","https://twitter.com/weareotv/status/981928710277337089","#OTVCommunity out here doing dope things! https://t.co/uce151FFpo","2018-04-05 16:17 +0000","237.0","1.0","0.004219409282700422","0.0","0.0","1.0","0.0","0.0","0.0","0.0","0.0","0","0","0","0","0","0","0","-","-","-","-","-","-","-","-","-","-","-","-","-","-","-","-","-","-"
"981682842412421120","https://twitter.com/weareotv/status/981682842412421120","No #OTVWednesday tonight - take the time to catch up on @SeedsSeries by @dejaharrelll and @motife ! Season one follows Jade, Maya, Beth &amp; Danielle navigating a perplexing relationship, a wayward text putting their friendship on rocky waters. https://t.co/vSJm2QPpQz","2018-04-05 00:00 +0000","2305.0","54.0","0.023427331887201735","3.0","0.0","4.0","18.0","0.0","0.0","18.0","0.0","0","0","0","0","0","171","11","-","-","-","-","-","-","-","-","-","-","-","-","-","-","-","-","-","-"
"981224821832011777","https://twitter.com/weareotv/status/981224821832011777","No #OTVWednesday this week! We're back on 4/11, in the mean time check out this interview with @BGWebSeries creators @asgharthegrouch and @SamQBailey talking beach days, weed beer, and exes with @MERRYJANE https://t.co/VP2R5XTZ3X https://t.co/dZGIgIsGFS","2018-04-03 17:40 +0000","2142.0","13.0","0.006069094304388422","1.0","0.0","1.0","2.0","2.0","0.0","0.0","0.0","0","0","0","0","0","7","7","-","-","-","-","-","-","-","-","-","-","-","-","-","-","-","-","-","-"
"980894189578801154","https://twitter.com/weareotv/status/980894189578801154","Taking a quick breather! No #OTVWednesday this week, see you 4/11 with F*CK YES, Hair Story, and The Roach is Coming. In the meantime listen to this interview with OTV founder @profajchristian on the inspiration behind OTV and Chi's 🔥 #webseries scene. https://t.co/cFLg4degZO","2018-04-02 19:46 +0000","602.0","5.0","0.008305647840531562","2.0","0.0","3.0","0.0","0.0","0.0","0.0","0.0","0","0","0","0","0","0","0","-","-","-","-","-","-","-","-","-","-","-","-","-","-","-","-","-","-"
