"Tweet id","Tweet permalink","Tweet text","time","impressions","engagements","engagement rate","retweets","replies","likes","user profile clicks","url clicks","hashtag clicks","detail expands","permalink clicks","app opens","app installs","follows","email tweet","dial phone","media views","media engagements","promoted impressions","promoted engagements","promoted engagement rate","promoted retweets","promoted replies","promoted likes","promoted user profile clicks","promoted url clicks","promoted hashtag clicks","promoted detail expands","promoted permalink clicks","promoted app opens","promoted app installs","promoted follows","promoted email tweet","promoted dial phone","promoted media views","promoted media engagements"
"867460179142615040","https://twitter.com/weareotv/status/867460179142615040","TONIGHT @ChiCulturCenter 6-8p: intro from @AmericaInTrans , 🎥#GeetasGuide by @PujaMohindra and 🎥 #STARvingArtists by @BleepThatBleep ! https://t.co/acf7axcGsl","2017-05-24 19:19 +0000","2925.0","19.0","0.006495726495726496","3.0","0.0","5.0","4.0","0.0","1.0","3.0","0.0","0","0","0","0","0","3","3","-","-","-","-","-","-","-","-","-","-","-","-","-","-","-","-","-","-"
"864866728349773824","https://twitter.com/weareotv/status/864866728349773824","How petty are you? Join us May 19th to view some of our content at the Petty Biennial opening at the Arts Incubator #PettyBiennialChi https://t.co/xn3Ods7FOX","2017-05-17 15:34 +0000","836.0","10.0","0.011961722488038277","2.0","0.0","1.0","2.0","0.0","0.0","1.0","0.0","0","0","0","0","0","4","4","-","-","-","-","-","-","-","-","-","-","-","-","-","-","-","-","-","-"
"863845977811275776","https://twitter.com/weareotv/status/863845977811275776","Doors open in 5! #inreallife by @theroyalistkate and #kissingwalls by @Thacharyy https://t.co/UoJXT2Mesw","2017-05-14 19:58 +0000","433.0","9.0","0.020785219399538105","0.0","0.0","1.0","5.0","0.0","0.0","1.0","0.0","0","0","0","0","0","2","2","-","-","-","-","-","-","-","-","-","-","-","-","-","-","-","-","-","-"
"862108516772925440","https://twitter.com/weareotv/status/862108516772925440","@mrose220 @netTVnow developer@weareopen.tv","2017-05-10 00:54 +0000","87.0","0.0","0.0","0.0","0.0","0.0","0.0","0.0","0.0","0.0","0.0","0","0","0","0","0","0","0","-","-","-","-","-","-","-","-","-","-","-","-","-","-","-","-","-","-"
"861980677985759233","https://twitter.com/weareotv/status/861980677985759233","@mrose220 If none of those work shoot an email to developer@weareopen.tv","2017-05-09 16:26 +0000","72.0","1.0","0.013888888888888888","0.0","0.0","1.0","0.0","0.0","0.0","0.0","0.0","0","0","0","0","0","0","0","-","-","-","-","-","-","-","-","-","-","-","-","-","-","-","-","-","-"
"861980225923690497","https://twitter.com/weareotv/status/861980225923690497","@mrose220 We would love to meet U! We have an #InRealLife screening this Sunday 5/14 3-5pm @ChiCulturCenter and #GeetasGuide 5/24 6-8pm same place","2017-05-09 16:24 +0000","149.0","2.0","0.013422818791946308","0.0","1.0","1.0","0.0","0.0","0.0","0.0","0.0","0","0","0","0","0","0","0","-","-","-","-","-","-","-","-","-","-","-","-","-","-","-","-","-","-"
"861976565898498048","https://twitter.com/weareotv/status/861976565898498048","C H I C A G O! Come see #GeetasGuide &amp; #STARvingArtists at the @ChiCulturCenter Weds, May 24th 6-8pm! It's FREE.99 y'all https://t.co/hyAR9lR8wy","2017-05-09 16:10 +0000","596.0","14.0","0.02348993288590604","1.0","1.0","7.0","2.0","0.0","0.0","3.0","0.0","0","0","0","0","0","0","0","-","-","-","-","-","-","-","-","-","-","-","-","-","-","-","-","-","-"
"859068769737609216","https://twitter.com/weareotv/status/859068769737609216","We'll have a lovely curated lounge at #PrEP4Love Live presents: Black Tea on Saturday! https://t.co/N5SOIe8yEg Come thru 4 #blackboyjoy ! https://t.co/gijBsFgZ1H","2017-05-01 15:35 +0000","756.0","4.0","0.005291005291005291","1.0","0.0","3.0","0.0","0.0","0.0","0.0","0.0","0","0","0","0","0","0","0","-","-","-","-","-","-","-","-","-","-","-","-","-","-","-","-","-","-"
