"Tweet id","Tweet permalink","Tweet text","time","impressions","engagements","engagement rate","retweets","replies","likes","user profile clicks","url clicks","hashtag clicks","detail expands","permalink clicks","app opens","app installs","follows","email tweet","dial phone","media views","media engagements","promoted impressions","promoted engagements","promoted engagement rate","promoted retweets","promoted replies","promoted likes","promoted user profile clicks","promoted url clicks","promoted hashtag clicks","promoted detail expands","promoted permalink clicks","promoted app opens","promoted app installs","promoted follows","promoted email tweet","promoted dial phone","promoted media views","promoted media engagements"
"968965341123457024","https://twitter.com/weareotv/status/968965341123457024","Catch DJ Hijo Prodigo spinning original beats at #OTVTonight March 6th. Save the date: https://t.co/0fDrOTbx91 https://t.co/90O2JcQ04U …","2018-02-28 21:45 +0000","519.0","2.0","0.0038535645472061657","0.0","0.0","0.0","2.0","0.0","0.0","0.0","0.0","0","0","0","0","0","0","0","-","-","-","-","-","-","-","-","-","-","-","-","-","-","-","-","-","-"
"968912733147222016","https://twitter.com/weareotv/status/968912733147222016","""Instead of promoting the latest macho blockbuster to be sold internationally, I wanted to use the format of the talk show to showcase Chicago's queer artists."" Full article: https://t.co/w8hw5aX9LS Join us for #OTVTonight March 6 6-8pm @mcachicago https://t.co/6KnVZtnKNv","2018-02-28 18:16 +0000","2048.0","9.0","0.00439453125","1.0","0.0","4.0","2.0","1.0","0.0","0.0","0.0","0","0","0","0","0","69","1","-","-","-","-","-","-","-","-","-","-","-","-","-","-","-","-","-","-"
"968600005157244929","https://twitter.com/weareotv/status/968600005157244929","The Roach Is Coming by Derrick Woods-Morrow premieres 3/30 at the @artinstitutechi. Experieince this intimate piece that examines race, police relations, play, sexuality, and childhood. #TheRoachIsComing #weareotv #blackhistorymonth https://t.co/32PuyN2Osa","2018-02-27 21:33 +0000","235.0","9.0","0.03829787234042553","1.0","0.0","0.0","4.0","0.0","0.0","1.0","0.0","0","0","0","0","0","36","3","-","-","-","-","-","-","-","-","-","-","-","-","-","-","-","-","-","-"
"968274541620482053","https://twitter.com/weareotv/status/968274541620482053","#Codeswitched by Karan Sunil a comedy-drama series that follows the interconnected lives of five South Asian-American roommates and friends will premiere at #OTVTonight March 6th at the @mcachicago ! FB event: https://t.co/tcGCMNdNUU https://t.co/egig8xB6SD","2018-02-27 00:00 +0000","428.0","10.0","0.02336448598130841","0.0","0.0","1.0","1.0","2.0","3.0","0.0","0.0","0","0","0","0","0","55","3","-","-","-","-","-","-","-","-","-","-","-","-","-","-","-","-","-","-"
"968269139575033857","https://twitter.com/weareotv/status/968269139575033857","The rumors are true- join us March 6th @mcachicago from 6-8pm  for the premiere of Yogma alongside @SeedsSeries  and #Codeswitched ! FB event:  https://t.co/ph4RXwN1bp https://t.co/tH7GCBFOvW","2018-02-26 23:38 +0000","1204.0","26.0","0.02159468438538206","5.0","1.0","7.0","5.0","1.0","0.0","7.0","0.0","0","0","0","0","0","0","0","-","-","-","-","-","-","-","-","-","-","-","-","-","-","-","-","-","-"
"966812782342672385","https://twitter.com/weareotv/status/966812782342672385","VELVET is a comedic and earnest new web series exploring the ups and downs of making new friends in your twenties. See the premiere at the @ChiCulturCenter 3/28 6-8pm! #BlackHistoryMonth #OTVWednesdays https://t.co/x0Xr1OP6Ur","2018-02-22 23:11 +0000","672.0","67.0","0.09970238095238096","1.0","0.0","11.0","4.0","2.0","0.0","17.0","0.0","0","0","0","0","0","32","32","-","-","-","-","-","-","-","-","-","-","-","-","-","-","-","-","-","-"
"966053267582128128","https://twitter.com/weareotv/status/966053267582128128",".@SeedsSeries is a comedic, socially conscious web series from @dejaharrelll following the misadventures of four young black women. See the premiere at the Cultural Center March 14th! #BlackHistoryMonth https://t.co/3ZJeNPy67B","2018-02-20 20:53 +0000","1806.0","44.0","0.024363233665559248","8.0","0.0","9.0","16.0","0.0","0.0","11.0","0.0","0","0","0","0","0","0","0","-","-","-","-","-","-","-","-","-","-","-","-","-","-","-","-","-","-"
"964602548723372033","https://twitter.com/weareotv/status/964602548723372033","We're back with a new slate of #OTVOriginals: @SeedsSeries from Deja Harrell, #Yogma from @GypsyYoga2017, and @velvetwebseries from Leo Gilbert and Becky Schultz. #SavetheDate for #OTVTonight March 6th @mcachicago : https://t.co/tcGCMNdNUU https://t.co/1uVG4DGgpR","2018-02-16 20:49 +0000","3983.0","136.0","0.034145116746171225","10.0","0.0","17.0","9.0","4.0","1.0","46.0","0.0","0","0","0","0","0","508","49","-","-","-","-","-","-","-","-","-","-","-","-","-","-","-","-","-","-"
"964201601022996480","https://twitter.com/weareotv/status/964201601022996480","We're back with a brand new trailer AND peep the new name. Join us March 6th for the 2nd #OTVTonight @mcachicago . FB: https://t.co/PMK4eliXpf  https://t.co/ZuTXiDPURk","2018-02-15 18:15 +0000","2021.0","80.0","0.03958436417615042","7.0","0.0","10.0","11.0","10.0","1.0","36.0","0.0","0","2","0","0","0","3","3","-","-","-","-","-","-","-","-","-","-","-","-","-","-","-","-","-","-"
"963849762008166400","https://twitter.com/weareotv/status/963849762008166400","#HappyValentinesDay from #OTVCommunity fam @euthanAasia premiering her new banger ""No Babies"" Watch now: https://t.co/6AvEJhwQYc #blackhistorymonth https://t.co/YzVJCt5r9z","2018-02-14 18:57 +0000","372.0","11.0","0.02956989247311828","1.0","1.0","2.0","1.0","1.0","0.0","2.0","0.0","0","0","0","0","0","3","3","-","-","-","-","-","-","-","-","-","-","-","-","-","-","-","-","-","-"
"963569563827884032","https://twitter.com/weareotv/status/963569563827884032","#blackhistorymonth spotlight on @MShellyConner , writer, scholar, ED of @QuareSquare and creator of #QuareLife webseries premiering this cycle! Watch the trailer:  https://t.co/dhLGhCOu7h https://t.co/VWFQAOXmoe","2018-02-14 00:24 +0000","269.0","13.0","0.048327137546468404","0.0","0.0","2.0","5.0","2.0","0.0","0.0","0.0","0","0","0","0","0","4","4","-","-","-","-","-","-","-","-","-","-","-","-","-","-","-","-","-","-"
"963186455521693696","https://twitter.com/weareotv/status/963186455521693696","#BlackHistoryMonth Spotlight on @rashidakhanbey , creator of ""Let Go and Let God"" a microfilm dedicated to people who are struggling with the grips of depression and wondering if there is a way out. https://t.co/Nha9vagq5I","2018-02-12 23:02 +0000","720.0","17.0","0.02361111111111111","2.0","0.0","2.0","0.0","2.0","0.0","7.0","0.0","0","0","0","0","0","4","4","-","-","-","-","-","-","-","-","-","-","-","-","-","-","-","-","-","-"
"963166987135410176","https://twitter.com/weareotv/status/963166987135410176","@blacktvfilmcrew thanks for watching!","2018-02-12 21:44 +0000","22.0","2.0","0.09090909090909091","0.0","0.0","1.0","0.0","0.0","0.0","1.0","0.0","0","0","0","0","0","0","0","-","-","-","-","-","-","-","-","-","-","-","-","-","-","-","-","-","-"
"962165238366982145","https://twitter.com/weareotv/status/962165238366982145","'Brown Girls' Sam Bailey Talks Post-#OscarsSoWhite Vibes [Interview] https://t.co/1uYDjrZ1YD #femalefilmmakerfriday #BlackHistoryMonth https://t.co/iY6Mq87bsw","2018-02-10 03:24 +0000","438.0","11.0","0.02511415525114155","1.0","0.0","2.0","0.0","6.0","0.0","0.0","0.0","0","0","0","0","0","2","2","-","-","-","-","-","-","-","-","-","-","-","-","-","-","-","-","-","-"
"962099337366040576","https://twitter.com/weareotv/status/962099337366040576","Filmmaker @SamQBailey Offers a Fresh Take on Young Women of Color https://t.co/CtLJzmY9zz #blackhistorymonth #femalefilmmakerfriday https://t.co/bTK3iHfc7K","2018-02-09 23:02 +0000","760.0","34.0","0.04473684210526316","2.0","0.0","7.0","1.0","10.0","0.0","3.0","0.0","0","0","0","0","0","11","11","-","-","-","-","-","-","-","-","-","-","-","-","-","-","-","-","-","-"
"961802844792938496","https://twitter.com/weareotv/status/961802844792938496","Watch #opentvcommunity member @okaynickay 's #bronxcunttour chronicling their tour of #lilBLK their one-person show now #blackhistorymonth https://t.co/IAqeDsmDoc https://t.co/7zcJ7WpxCW","2018-02-09 03:24 +0000","378.0","9.0","0.023809523809523808","1.0","0.0","2.0","0.0","4.0","0.0","0.0","0.0","0","0","0","0","0","2","2","-","-","-","-","-","-","-","-","-","-","-","-","-","-","-","-","-","-"
"961736923718053891","https://twitter.com/weareotv/status/961736923718053891","“I made lil BLK to talk to my younger self aka NICKY... The little black girl who felt too small to be as great as her wildest dreams” Spotlight on NIC Kay #BlackHistoryMonth https://t.co/jBWbhjg8yw https://t.co/1b2aVV4Ljc","2018-02-08 23:02 +0000","306.0","7.0","0.02287581699346405","1.0","0.0","2.0","0.0","0.0","0.0","0.0","0.0","0","0","0","0","0","4","4","-","-","-","-","-","-","-","-","-","-","-","-","-","-","-","-","-","-"
"961685701128540162","https://twitter.com/weareotv/status/961685701128540162","@JessH_D @StephInTeevee @rjlackie @karenXknox @gwenlyn_cumyn @LaurenEvansTV @SarahShelson Thank you for the shout! We have tons of queer content at https://t.co/fbl69UA91n . Check out @brujostv606 @BGWebSeries @AfternoonSnatch #QueertheAir #2QIK #StarvingArtists #InRealLife #LipstickCity #KissingWalls #OuttakesTV to name a few :)","2018-02-08 19:38 +0000","407.0","9.0","0.022113022113022112","0.0","0.0","4.0","0.0","0.0","1.0","4.0","0.0","0","0","0","0","0","0","0","-","-","-","-","-","-","-","-","-","-","-","-","-","-","-","-","-","-"
"961310623316561921","https://twitter.com/weareotv/status/961310623316561921","“How does one make a television show with a crew that could peer into the camera with care—for the Black women and the Black characters?” -guiding questions in ""Reality is Not Good Enough by @selahvibe https://t.co/YAPrHDdiyb #BlackHistoryMonth https://t.co/zPBKbo01gB","2018-02-07 18:48 +0000","238.0","3.0","0.012605042016806723","0.0","0.0","1.0","0.0","0.0","0.0","1.0","0.0","0","0","0","0","0","1","1","-","-","-","-","-","-","-","-","-","-","-","-","-","-","-","-","-","-"
"961306710060228608","https://twitter.com/weareotv/status/961306710060228608","For #blackhistorymonth we're highlighting some of our brilliant black artists. Enjoy ""Reality is Not Good Enough"" an in progress anti-reality series by performance artist and filmmaker @selahvibe https://t.co/iVpomv7uyU","2018-02-07 18:32 +0000","210.0","0.0","0.0","0.0","0.0","0.0","0.0","0.0","0.0","0.0","0.0","0","0","0","0","0","0","0","-","-","-","-","-","-","-","-","-","-","-","-","-","-","-","-","-","-"
"960966430077476865","https://twitter.com/weareotv/status/960966430077476865","Happy #BlackHistoryMonth The spotlight is on exceptional #DragArtist @SayaNaomi today who plays Gia in #opentvoriginals #NupitaObama and #SerialDreamer https://t.co/ZoGFXPHnfN","2018-02-06 20:00 +0000","970.0","12.0","0.012371134020618556","3.0","0.0","4.0","0.0","0.0","0.0","0.0","0.0","0","0","0","0","0","57","5","-","-","-","-","-","-","-","-","-","-","-","-","-","-","-","-","-","-"
"960715686371872769","https://twitter.com/weareotv/status/960715686371872769","Feel the It Girl fantasy from #opentvcommunity artist @misteritgirl https://t.co/OXH3Gp6I14 See them this spring in our newest pilot #SerialDreamer written and directed by @profajchristian https://t.co/voq7wP1GuQ","2018-02-06 03:24 +0000","1060.0","71.0","0.0669811320754717","3.0","0.0","11.0","6.0","7.0","0.0","2.0","0.0","0","0","0","0","0","42","42","-","-","-","-","-","-","-","-","-","-","-","-","-","-","-","-","-","-"
"960633702354169856","https://twitter.com/weareotv/status/960633702354169856","Happy #BlackHistoryMonth. This week we're highlighting some of our brilliant black artists. @MISTERITGIRL is a rapper/DJ/performance artist and co-founder of @FUTUREHOODMMXVI they star in #opentvoriginal s #NupitaObama and #SerialDreamer coming this spring https://t.co/uu57DczyTS","2018-02-05 21:58 +0000","1649.0","102.0","0.061855670103092786","7.0","1.0","13.0","2.0","3.0","0.0","6.0","0.0","0","0","0","0","0","70","70","-","-","-","-","-","-","-","-","-","-","-","-","-","-","-","-","-","-"
"959266128618033152","https://twitter.com/weareotv/status/959266128618033152","“while a lot of what they do in [ #BrujosTV] is actual spells ... they’re mostly scrambled, or a composite of different spells, mixed in with an element of the absurd or the fantastic, to keep the secrets of the practice” #opentvrewind https://t.co/drKyTAXrBl https://t.co/QDcCg1uGZU","2018-02-02 03:24 +0000","749.0","5.0","0.006675567423230975","1.0","0.0","2.0","0.0","0.0","0.0","0.0","0.0","0","0","0","0","0","2","2","-","-","-","-","-","-","-","-","-","-","-","-","-","-","-","-","-","-"
"959200221073936385","https://twitter.com/weareotv/status/959200221073936385","“The internet taught me a lot about how to be queer. And I wouldn’t want to put this behind a paywall that would make it inaccessible to someone like me as a young person. ” https://t.co/FvaQGkFjvW #BrujosTV creator @RicardxGamboa on keeping @brujostv606 free https://t.co/JOztzs5TjV","2018-02-01 23:02 +0000","752.0","25.0","0.03324468085106383","0.0","0.0","1.0","4.0","4.0","2.0","2.0","0.0","0","0","1","0","0","11","11","-","-","-","-","-","-","-","-","-","-","-","-","-","-","-","-","-","-"
