"Tweet id","Tweet permalink","Tweet text","time","impressions","engagements","engagement rate","retweets","replies","likes","user profile clicks","url clicks","hashtag clicks","detail expands","permalink clicks","app opens","app installs","follows","email tweet","dial phone","media views","media engagements","promoted impressions","promoted engagements","promoted engagement rate","promoted retweets","promoted replies","promoted likes","promoted user profile clicks","promoted url clicks","promoted hashtag clicks","promoted detail expands","promoted permalink clicks","promoted app opens","promoted app installs","promoted follows","promoted email tweet","promoted dial phone","promoted media views","promoted media engagements"
"1024016666412417024","https://twitter.com/weareotv/status/1024016666412417024","End your #disabilityawareness month right and watch @SymbioticSeries ! https://t.co/Gplurb00b4","2018-07-30 19:39 +0000","1176.0","9.0","0.007653061224489796","3.0","0.0","5.0","0.0","0.0","1.0","0.0","0.0","0","0","0","0","0","0","0","-","-","-","-","-","-","-","-","-","-","-","-","-","-","-","-","-","-"
"1022969400972980230","https://twitter.com/weareotv/status/1022969400972980230","Check out Derrick Woods-Morrow's @Hot4Headmaster feature of The Roach is Coming, a video art piece that was born from a photo assignment from Headmaster centering on The Village People. Watch it before the limited release ends on August 1st. Feature: https://t.co/7u3bfvThuu https://t.co/jO6BU8EWdR","2018-07-27 22:18 +0000","570.0","4.0","0.007017543859649123","0.0","0.0","1.0","0.0","0.0","0.0","0.0","0.0","0","0","0","0","0","3","3","-","-","-","-","-","-","-","-","-","-","-","-","-","-","-","-","-","-"
"1022226498072322049","https://twitter.com/weareotv/status/1022226498072322049","""DANCE Revolutionary steps, dancers point past the binary"" https://t.co/NjrZkVvHzB congrats to our fam @DarlingShear for this well-deserved recognition for breaking the binary in the dance field. Watch #TheDarlingSeries, docu-series by @Diaquiri now: https://t.co/uhmvFPiPZn https://t.co/WZAVvxz2rG","2018-07-25 21:06 +0000","1043.0","8.0","0.007670182166826462","2.0","0.0","2.0","1.0","1.0","0.0","1.0","0.0","0","0","0","0","0","1","1","-","-","-","-","-","-","-","-","-","-","-","-","-","-","-","-","-","-"
"1021575411669639168","https://twitter.com/weareotv/status/1021575411669639168","bloop!! https://t.co/M1KIdG2mTz","2018-07-24 01:58 +0000","554.0","2.0","0.0036101083032490976","0.0","0.0","1.0","0.0","0.0","0.0","0.0","0.0","0","0","0","0","0","1","1","-","-","-","-","-","-","-","-","-","-","-","-","-","-","-","-","-","-"
"1021575314584088576","https://twitter.com/weareotv/status/1021575314584088576","@theycallmeCaca @AacharAunty Thank you for the love!! Check us out @AacharAunty https://t.co/NQEaxCQLvW","2018-07-24 01:58 +0000","68.0","3.0","0.04411764705882353","0.0","1.0","1.0","0.0","0.0","0.0","1.0","0.0","0","0","0","0","0","0","0","-","-","-","-","-","-","-","-","-","-","-","-","-","-","-","-","-","-"
"1019648925190500353","https://twitter.com/weareotv/status/1019648925190500353","#TheDarlingSeries , a docu-series by @Diaquiri following choreographer @DarlingShear as she choreographs a piece for 6 dancers rooted in the tradition of Hollywood musicals, is now available to stream! https://t.co/bgQy21cJqs","2018-07-18 18:23 +0000","818.0","22.0","0.02689486552567237","3.0","0.0","7.0","0.0","0.0","0.0","12.0","0.0","0","0","0","0","0","0","0","-","-","-","-","-","-","-","-","-","-","-","-","-","-","-","-","-","-"
"1019296868721922050","https://twitter.com/weareotv/status/1019296868721922050",".@SymbioticSeries is a new web series by Rachel Greenhoe that explores the lives of two queer disabled women after they impulsively move in together. #disabilityawareness #DisabledAndCute Watch the entire season now:  https://t.co/dWn9jHO2xv","2018-07-17 19:04 +0000","658.0","3.0","0.004559270516717325","1.0","0.0","1.0","1.0","0.0","0.0","0.0","0.0","0","0","0","0","0","0","0","-","-","-","-","-","-","-","-","-","-","-","-","-","-","-","-","-","-"
"1018953882007941126","https://twitter.com/weareotv/status/1018953882007941126","TONIGHT Catch the premieres of #thedarlingseries docu series by Diana Quinones Rivera and @SymbioticSeries by Rachel Greenhoe at Reunion Chicago. Doors @ 6, screening @ 6:30. RSVP: https://t.co/xrugzEox2Z https://t.co/fAZGsQ8b44","2018-07-16 20:21 +0000","589.0","7.0","0.011884550084889643","1.0","0.0","3.0","1.0","1.0","0.0","1.0","0.0","0","0","0","0","0","0","0","-","-","-","-","-","-","-","-","-","-","-","-","-","-","-","-","-","-"
"1018946723685851138","https://twitter.com/weareotv/status/1018946723685851138","👏🏾👏🏾👏🏾👏🏾 https://t.co/5RyrTXsxG9","2018-07-16 19:53 +0000","365.0","1.0","0.0027397260273972603","0.0","0.0","0.0","0.0","0.0","0.0","1.0","0.0","0","0","0","0","0","0","0","-","-","-","-","-","-","-","-","-","-","-","-","-","-","-","-","-","-"
"1017869766801985536","https://twitter.com/weareotv/status/1017869766801985536","Remember the weird kid who had to leave your school? They grew up too. @SymbioticSeries is a humorous, heartwarming show about the lives of disabled women in Chicago. See the premiere Monday 7/16 at Reunion Chicago. RSVP: https://t.co/ehlLOOq8T7 https://t.co/mleWCkl1mX","2018-07-13 20:33 +0000","523.0","20.0","0.03824091778202677","2.0","0.0","5.0","0.0","4.0","0.0","0.0","0.0","0","0","0","0","0","9","9","-","-","-","-","-","-","-","-","-","-","-","-","-","-","-","-","-","-"
"1017196839752388609","https://twitter.com/weareotv/status/1017196839752388609","#TheDarlingSeries by Diana Quinones Rivera starring @DarlingShear is dropping Monday, July 16 with a FREE screening at Reunion Chicago with @SymbioticSeries. RSVP: https://t.co/ehlLOOq8T7 https://t.co/HjGHDEH4Og","2018-07-11 23:59 +0000","349.0","5.0","0.014326647564469915","0.0","0.0","3.0","0.0","0.0","0.0","0.0","0.0","0","0","0","0","0","27","2","-","-","-","-","-","-","-","-","-","-","-","-","-","-","-","-","-","-"
"1016743489349079040","https://twitter.com/weareotv/status/1016743489349079040",".@SymbioticSeries premieres with #TheDarlingSeries Monday, July 16th at Reunion Chicago! RSVP here: https://t.co/ehlLOOq8T7 https://t.co/CxrNkvDXx3","2018-07-10 17:58 +0000","646.0","7.0","0.010835913312693499","1.0","0.0","1.0","0.0","0.0","0.0","3.0","0.0","0","0","0","0","0","22","2","-","-","-","-","-","-","-","-","-","-","-","-","-","-","-","-","-","-"
"1016428291530600448","https://twitter.com/weareotv/status/1016428291530600448","Watch “Hook Ups - Episode 2” on #Vimeo a new web series from @ar_theauthor about Black queers who date and fall in lust. #weareotv #webseries #hookupstv https://t.co/or4gsUC91w https://t.co/mTA3gMcCYG","2018-07-09 21:06 +0000","414.0","10.0","0.024154589371980676","0.0","0.0","3.0","0.0","3.0","1.0","2.0","0.0","0","0","0","0","0","1","1","-","-","-","-","-","-","-","-","-","-","-","-","-","-","-","-","-","-"
"1016403379759865858","https://twitter.com/weareotv/status/1016403379759865858","Watch “Hook Ups” on #Vimeo, a new web series from @ar_theauthor about Black queers who date and fall in lust. #weareotv #webseries #hookupstv https://t.co/mvIaE4ic1n","2018-07-09 19:27 +0000","1177.0","5.0","0.004248088360237893","0.0","0.0","1.0","2.0","1.0","0.0","0.0","0.0","0","0","0","0","0","1","1","-","-","-","-","-","-","-","-","-","-","-","-","-","-","-","-","-","-"
"1016376454815338496","https://twitter.com/weareotv/status/1016376454815338496","“In in-between spaces, things cease to have definition; you don’t belong to one country or another. It’s a strange and poetic land of possibility where I get to define myself on my own terms."" @BGWebSeries creator @asgharthegrouch for @glamourmag https://t.co/k6uMzxcqok https://t.co/Zg6c3YFb74","2018-07-09 17:40 +0000","2730.0","58.0","0.021245421245421246","3.0","0.0","13.0","6.0","10.0","0.0","3.0","0.0","0","0","0","0","0","23","23","-","-","-","-","-","-","-","-","-","-","-","-","-","-","-","-","-","-"
"1014561192164159491","https://twitter.com/weareotv/status/1014561192164159491","Our #wcw goes out to #TheTTV co-creator @beacordelia, check her out in this Women of the Now mini-doc: 
https://t.co/vi93XV2wT3 Watch #TheTTV now: https://t.co/haYPiCRJpm https://t.co/qx75XZKv0w","2018-07-04 17:26 +0000","5836.0","65.0","0.01113776559287183","3.0","0.0","10.0","9.0","9.0","0.0","7.0","0.0","0","0","0","0","0","27","27","-","-","-","-","-","-","-","-","-","-","-","-","-","-","-","-","-","-"
"1014297393888747526","https://twitter.com/weareotv/status/1014297393888747526","Huge thank you to our #2QIKLIVE sponsors @slaytvnow and @ChillTheMag ! #2qik https://t.co/E88jsAnK5g","2018-07-03 23:58 +0000","2648.0","183.0","0.06910876132930513","7.0","1.0","19.0","11.0","10.0","1.0","24.0","0.0","0","0","0","0","0","110","110","-","-","-","-","-","-","-","-","-","-","-","-","-","-","-","-","-","-"
"1013964294940184576","https://twitter.com/weareotv/status/1013964294940184576","Watch #TheT now: https://t.co/haYPiCRJpm https://t.co/l2JCE0Opln","2018-07-03 01:55 +0000","264.0","0.0","0.0","0.0","0.0","0.0","0.0","0.0","0.0","0.0","0.0","0","0","0","0","0","0","0","-","-","-","-","-","-","-","-","-","-","-","-","-","-","-","-","-","-"
"1013907344307212289","https://twitter.com/weareotv/status/1013907344307212289",".@SymbioticSeries follows Tara and Maggie, a newly moved-in-together couple who are trying to enjoy a normal life despite the limitations caused by Tara’s autism and Maggie’s host of issues. Series by Rachel Greenhoe, premieres 7/16 #disabilityawarenessmonth https://t.co/6Pjarvd0fL","2018-07-02 22:08 +0000","466.0","8.0","0.017167381974248927","2.0","0.0","2.0","1.0","0.0","1.0","0.0","0.0","0","0","0","0","0","53","2","-","-","-","-","-","-","-","-","-","-","-","-","-","-","-","-","-","-"
