"Tweet id","Tweet permalink","Tweet text","time","impressions","engagements","engagement rate","retweets","replies","likes","user profile clicks","url clicks","hashtag clicks","detail expands","permalink clicks","app opens","app installs","follows","email tweet","dial phone","media views","media engagements","promoted impressions","promoted engagements","promoted engagement rate","promoted retweets","promoted replies","promoted likes","promoted user profile clicks","promoted url clicks","promoted hashtag clicks","promoted detail expands","promoted permalink clicks","promoted app opens","promoted app installs","promoted follows","promoted email tweet","promoted dial phone","promoted media views","promoted media engagements"
"836305068483825667","https://twitter.com/weareotv/status/836305068483825667","#browngirlsTV thank you @asgharthegrouch for inspiring us ! Don't forget to create. Painting by Sage Barnes. https://t.co/I1ycAlXwnY","2017-02-27 20:00 +0000","1460.0","31.0","0.021232876712328767","2.0","0.0","5.0","3.0","3.0","0.0","0.0","0.0","0","0","0","0","0","18","18","-","-","-","-","-","-","-","-","-","-","-","-","-","-","-","-","-","-"
"835269039882657792","https://twitter.com/weareotv/status/835269039882657792","#brujostv premieres on 3/1! Come to the Chicago premiere starting @ Chi Cultural Center @ 6pm &amp; ending @ClubKaliente https://t.co/F5F1WlO28J","2017-02-24 23:23 +0000","271.0","6.0","0.02214022140221402","0.0","0.0","0.0","1.0","0.0","0.0","2.0","0.0","0","0","0","0","0","3","3","-","-","-","-","-","-","-","-","-","-","-","-","-","-","-","-","-","-"
"834827678863728640","https://twitter.com/weareotv/status/834827678863728640","#AfternoonSnatch is LIVE ! https://t.co/xpmW0xSrHt https://t.co/eV1LVCd5r4","2017-02-23 18:10 +0000","224.0","4.0","0.017857142857142856","0.0","0.0","1.0","0.0","2.0","0.0","0.0","0.0","0","0","0","0","0","1","1","-","-","-","-","-","-","-","-","-","-","-","-","-","-","-","-","-","-"
"834509038633250817","https://twitter.com/weareotv/status/834509038633250817","'Brown Girls' is the Future of Television https://t.co/mM3eAfBdDq -@TheRinger_RSS #browngirlsTV https://t.co/W7rtbffToa","2017-02-22 21:03 +0000","523.0","2.0","0.0038240917782026767","0.0","0.0","0.0","1.0","0.0","0.0","0.0","0.0","0","0","1","0","0","0","0","-","-","-","-","-","-","-","-","-","-","-","-","-","-","-","-","-","-"
"834506609766326272","https://twitter.com/weareotv/status/834506609766326272","T-minus 3 hours til #afternoonsnatch premiere @ the Chi Cultural Center! Can't make it? Watch Season 1 @ 8:30pm CST https://t.co/HvY1EgCl5e https://t.co/hDyxaSq8d5","2017-02-22 20:54 +0000","225.0","0.0","0.0","0.0","0.0","0.0","0.0","0.0","0.0","0.0","0.0","0","0","0","0","0","0","0","-","-","-","-","-","-","-","-","-","-","-","-","-","-","-","-","-","-"
"834130836400271360","https://twitter.com/weareotv/status/834130836400271360","One day away y'all ! #afternoonsnatch premieres tmrw 2/22 @ the Chicago Cultural Center @ 6pm https://t.co/AXLBcSAm6A https://t.co/ocEHjlB1En","2017-02-21 20:01 +0000","243.0","3.0","0.012345679012345678","0.0","0.0","0.0","1.0","0.0","0.0","2.0","0.0","0","0","0","0","0","0","0","-","-","-","-","-","-","-","-","-","-","-","-","-","-","-","-","-","-"
"833786125596647426","https://twitter.com/weareotv/status/833786125596647426",".@MattInErnest TY for making the connection!  @herewewait @inspirasian51 @TBiddy looks like we may have a lot in common with #theknell :) ✊🏾","2017-02-20 21:11 +0000","280.0","9.0","0.03214285714285714","0.0","1.0","1.0","0.0","0.0","0.0","7.0","0.0","0","0","0","0","0","0","0","-","-","-","-","-","-","-","-","-","-","-","-","-","-","-","-","-","-"
"833780321481084928","https://twitter.com/weareotv/status/833780321481084928",".@korrasam https://t.co/P8yw8lGiez &lt;3","2017-02-20 20:48 +0000","203.0","2.0","0.009852216748768473","0.0","1.0","1.0","0.0","0.0","0.0","0.0","0.0","0","0","0","0","0","0","0","-","-","-","-","-","-","-","-","-","-","-","-","-","-","-","-","-","-"
"833779928000819202","https://twitter.com/weareotv/status/833779928000819202","&lt;3 https://t.co/ec1sKpnA8L","2017-02-20 20:46 +0000","193.0","3.0","0.015544041450777202","0.0","0.0","1.0","0.0","0.0","0.0","2.0","0.0","0","0","0","0","0","0","0","-","-","-","-","-","-","-","-","-","-","-","-","-","-","-","-","-","-"
"833777774045323265","https://twitter.com/weareotv/status/833777774045323265",".@juliaefe You're about to have a great day.","2017-02-20 20:38 +0000","148.0","1.0","0.006756756756756757","0.0","0.0","0.0","0.0","0.0","0.0","1.0","0.0","0","0","0","0","0","0","0","-","-","-","-","-","-","-","-","-","-","-","-","-","-","-","-","-","-"
"833762667517136896","https://twitter.com/weareotv/status/833762667517136896","SO CLOSE! Join us @ the #chicago cultural center on 2/22 for the premiere of #afternoonsnatch @6pm. The night starts w/ @DarlingShear live! https://t.co/r0jFF2IeC6","2017-02-20 19:38 +0000","185.0","4.0","0.021621621621621623","0.0","0.0","0.0","0.0","0.0","0.0","3.0","0.0","0","0","0","0","0","1","1","-","-","-","-","-","-","-","-","-","-","-","-","-","-","-","-","-","-"
"832724894030794753","https://twitter.com/weareotv/status/832724894030794753","Check out @asgharthegrouch and @SamQBailey of #browngirlsTV on @WindyCityLIVE ! https://t.co/CMNIFNj7si","2017-02-17 22:54 +0000","1350.0","18.0","0.013333333333333334","1.0","0.0","5.0","8.0","4.0","0.0","0.0","0.0","0","0","0","0","0","0","0","-","-","-","-","-","-","-","-","-","-","-","-","-","-","-","-","-","-"
"832696423548280832","https://twitter.com/weareotv/status/832696423548280832","&lt;3 https://t.co/pMY31VGBd8","2017-02-17 21:01 +0000","112.0","2.0","0.017857142857142856","0.0","0.0","1.0","0.0","0.0","0.0","1.0","0.0","0","0","0","0","0","0","0","-","-","-","-","-","-","-","-","-","-","-","-","-","-","-","-","-","-"
"832695079391211521","https://twitter.com/weareotv/status/832695079391211521",".@ElwoodLity https://t.co/P8yw8loGPZ check out the whole soundtrack!","2017-02-17 20:55 +0000","120.0","5.0","0.041666666666666664","0.0","1.0","1.0","0.0","1.0","0.0","2.0","0.0","0","0","0","0","0","0","0","-","-","-","-","-","-","-","-","-","-","-","-","-","-","-","-","-","-"
"832693971490992129","https://twitter.com/weareotv/status/832693971490992129",".@bgwebseries soundtrack! #browngirlstv https://t.co/lsDYg69RW4","2017-02-17 20:51 +0000","4320.0","112.0","0.025925925925925925","17.0","1.0","10.0","12.0","58.0","2.0","11.0","0.0","0","0","0","0","0","1","1","-","-","-","-","-","-","-","-","-","-","-","-","-","-","-","-","-","-"
"832679684403924992","https://twitter.com/weareotv/status/832679684403924992","Thank you for the shout out! https://t.co/0Eeuu5uaV0","2017-02-17 19:54 +0000","150.0","4.0","0.02666666666666667","0.0","0.0","4.0","0.0","0.0","0.0","0.0","0.0","0","0","0","0","0","0","0","-","-","-","-","-","-","-","-","-","-","-","-","-","-","-","-","-","-"
"832664243614855174","https://twitter.com/weareotv/status/832664243614855174",".@minhalbaig @RoyKinsey &lt;3","2017-02-17 18:53 +0000","165.0","2.0","0.012121212121212121","1.0","0.0","1.0","0.0","0.0","0.0","0.0","0.0","0","0","0","0","0","0","0","-","-","-","-","-","-","-","-","-","-","-","-","-","-","-","-","-","-"
"832662226938966018","https://twitter.com/weareotv/status/832662226938966018","What do you think of #BrownGirlsTV? Help us better understand how we're doing by filling out this very quick survey! https://t.co/RgOw7pd0w1","2017-02-17 18:45 +0000","381.0","2.0","0.005249343832020997","0.0","0.0","0.0","0.0","2.0","0.0","0.0","0.0","0","0","0","0","0","0","0","-","-","-","-","-","-","-","-","-","-","-","-","-","-","-","-","-","-"
"832659978003427332","https://twitter.com/weareotv/status/832659978003427332","Thank you for the love! https://t.co/NzSTPk3DXI","2017-02-17 18:36 +0000","125.0","1.0","0.008","0.0","0.0","1.0","0.0","0.0","0.0","0.0","0.0","0","0","0","0","0","0","0","-","-","-","-","-","-","-","-","-","-","-","-","-","-","-","-","-","-"
"832659886257213441","https://twitter.com/weareotv/status/832659886257213441",".@RoyKinsey Yessss! Thank you for the love &lt;3","2017-02-17 18:36 +0000","151.0","7.0","0.046357615894039736","0.0","1.0","0.0","2.0","0.0","0.0","4.0","0.0","0","0","0","0","0","0","0","-","-","-","-","-","-","-","-","-","-","-","-","-","-","-","-","-","-"
"832371801766428673","https://twitter.com/weareotv/status/832371801766428673","Nabila Hossain (Leila) and Swati Tiwari were amazing last night at the #browngirlstv #chicago premiere ! https://t.co/svjeRg2gG0","2017-02-16 23:31 +0000","1326.0","81.0","0.06108597285067873","4.0","0.0","8.0","7.0","0.0","1.0","13.0","0.0","0","0","1","0","0","157","47","-","-","-","-","-","-","-","-","-","-","-","-","-","-","-","-","-","-"
"832370580045361152","https://twitter.com/weareotv/status/832370580045361152","#Browngirlstv writer and creator @asgharthegrouch with @SamQBailey talking about the community that made @BGWebSeries possible ❤✨💕 https://t.co/3FYSxLYVrw","2017-02-16 23:26 +0000","2436.0","72.0","0.029556650246305417","4.0","0.0","9.0","5.0","0.0","1.0","3.0","0.0","0","0","1","0","0","246","49","-","-","-","-","-","-","-","-","-","-","-","-","-","-","-","-","-","-"
"832370043371524096","https://twitter.com/weareotv/status/832370043371524096",".@duhmilo and @lisamishra performing the @BGWebSeries theme song at the #Chicago #browngirlstv Release Party ! https://t.co/PQMs5crJBo","2017-02-16 23:24 +0000","1297.0","54.0","0.04163454124903624","3.0","0.0","8.0","3.0","0.0","0.0","6.0","1.0","0","0","0","0","0","109","33","-","-","-","-","-","-","-","-","-","-","-","-","-","-","-","-","-","-"
"832366886151213060","https://twitter.com/weareotv/status/832366886151213060",".@princessology you can watch #BrownGirlsTV here https://t.co/qRJNK9Lx9z &lt;3","2017-02-16 23:11 +0000","777.0","19.0","0.02445302445302445","3.0","1.0","4.0","2.0","1.0","0.0","8.0","0.0","0","0","0","0","0","0","0","-","-","-","-","-","-","-","-","-","-","-","-","-","-","-","-","-","-"
"832285119079645185","https://twitter.com/weareotv/status/832285119079645185",".@ElwoodLity https://t.co/4x9AJuoZem #browngirlsTV &lt;3","2017-02-16 17:46 +0000","334.0","14.0","0.041916167664670656","0.0","1.0","2.0","0.0","0.0","0.0","11.0","0.0","0","0","0","0","0","0","0","-","-","-","-","-","-","-","-","-","-","-","-","-","-","-","-","-","-"
"832266286243651585","https://twitter.com/weareotv/status/832266286243651585","#teamshea #opentvcommunity https://t.co/0yAcsUuYXg","2017-02-16 16:32 +0000","195.0","1.0","0.005128205128205128","0.0","0.0","1.0","0.0","0.0","0.0","0.0","0.0","0","0","0","0","0","0","0","-","-","-","-","-","-","-","-","-","-","-","-","-","-","-","-","-","-"
"832256087676051456","https://twitter.com/weareotv/status/832256087676051456",".@BGWebSeries is LIVE! https://t.co/NqY60mDSap #browngirlstv https://t.co/AdME0xkyEh","2017-02-16 15:51 +0000","744.0","20.0","0.026881720430107527","3.0","0.0","3.0","3.0","4.0","0.0","5.0","0.0","0","0","0","0","0","2","2","-","-","-","-","-","-","-","-","-","-","-","-","-","-","-","-","-","-"
"831990352169009154","https://twitter.com/weareotv/status/831990352169009154","@stareableco Hey there! Are you still interested in featuring one of our shows?","2017-02-15 22:15 +0000","44.0","9.0","0.20454545454545456","0.0","1.0","0.0","3.0","0.0","0.0","5.0","0.0","0","0","0","0","0","0","0","-","-","-","-","-","-","-","-","-","-","-","-","-","-","-","-","-","-"
"831973796902998018","https://twitter.com/weareotv/status/831973796902998018","TY to @Jezebel and @lykanthea for this beautiful and in depth look at @BGWebSeries https://t.co/KIlF4toavv https://t.co/zTviWIwZCL","2017-02-15 21:09 +0000","632.0","29.0","0.04588607594936709","3.0","0.0","4.0","6.0","6.0","0.0","5.0","0.0","0","0","0","0","0","5","5","-","-","-","-","-","-","-","-","-","-","-","-","-","-","-","-","-","-"
"831973279313313792","https://twitter.com/weareotv/status/831973279313313792",".@frenchthegypsy Thank you for the love!","2017-02-15 21:07 +0000","173.0","2.0","0.011560693641618497","0.0","0.0","1.0","1.0","0.0","0.0","0.0","0.0","0","0","0","0","0","0","0","-","-","-","-","-","-","-","-","-","-","-","-","-","-","-","-","-","-"
"831928461300289538","https://twitter.com/weareotv/status/831928461300289538","See you tonight! It's FREE, no RSVP but plz be on time because we WILL hit capacity. Bring $$ for the ca$h bar &amp; vendors! #browngirlstv https://t.co/TyuQNs4mpz","2017-02-15 18:09 +0000","799.0","8.0","0.010012515644555695","1.0","0.0","2.0","3.0","0.0","1.0","1.0","0.0","0","0","0","0","0","0","0","-","-","-","-","-","-","-","-","-","-","-","-","-","-","-","-","-","-"
"831928015072411648","https://twitter.com/weareotv/status/831928015072411648","🚨Surprise! 🚨We've dropped the first #BrownGirlsTV episode in an @ELLEmagazine exclusive by @britticisms ! https://t.co/tVnxs6DFaM https://t.co/HkPNCZjyVl","2017-02-15 18:07 +0000","1597.0","39.0","0.024420788979336257","2.0","0.0","5.0","4.0","7.0","1.0","9.0","0.0","0","0","0","0","0","11","11","-","-","-","-","-","-","-","-","-","-","-","-","-","-","-","-","-","-"
"831221770967474176","https://twitter.com/weareotv/status/831221770967474176","We are 2 days out from @BGWebSeries Chicago Release Party! RSVP: https://t.co/kjaPkhMwjw Bring $$ to support vendors @_SugarAndScrub + more https://t.co/ObJ3FajZZG","2017-02-13 19:21 +0000","1164.0","23.0","0.019759450171821305","3.0","0.0","4.0","2.0","8.0","0.0","0.0","0.0","0","0","0","0","0","6","6","-","-","-","-","-","-","-","-","-","-","-","-","-","-","-","-","-","-"
"829772886856589312","https://twitter.com/weareotv/status/829772886856589312",".@BGWebSeries premieres on Wednesday Feb 15th @ 8pm CT! There are screenings all over the WORLD, if you can't make it follow #browngirlsTV https://t.co/8khRZ3CsJd","2017-02-09 19:24 +0000","1611.0","35.0","0.021725636250775917","7.0","0.0","6.0","1.0","0.0","2.0","3.0","0.0","0","0","0","0","0","16","16","-","-","-","-","-","-","-","-","-","-","-","-","-","-","-","-","-","-"
"829772107190001664","https://twitter.com/weareotv/status/829772107190001664","""'Brown Girls' puts women of color front and center in new Chicago web series"" https://t.co/nGA3TPPl63 - @nina_metz of @chicagotribune https://t.co/VmO0v6JfFa","2017-02-09 19:21 +0000","387.0","6.0","0.015503875968992248","1.0","0.0","2.0","0.0","0.0","0.0","0.0","0.0","0","0","0","0","0","3","3","-","-","-","-","-","-","-","-","-","-","-","-","-","-","-","-","-","-"
"829770494475956225","https://twitter.com/weareotv/status/829770494475956225","Loved having you @minitagandhi ! Thank you for such an amazing interview. https://t.co/3xFYqewe8N","2017-02-09 19:14 +0000","132.0","0.0","0.0","0.0","0.0","0.0","0.0","0.0","0.0","0.0","0.0","0","0","0","0","0","0","0","-","-","-","-","-","-","-","-","-","-","-","-","-","-","-","-","-","-"
"829080985618759682","https://twitter.com/weareotv/status/829080985618759682","Check out the official recap of #opentvtonight from @mcachicago https://t.co/YEIRV8N6Td https://t.co/R70U8Hq6bY","2017-02-07 21:34 +0000","1750.0","12.0","0.006857142857142857","1.0","0.0","1.0","0.0","3.0","0.0","0.0","0.0","0","0","0","0","0","7","7","-","-","-","-","-","-","-","-","-","-","-","-","-","-","-","-","-","-"
"828680697678278656","https://twitter.com/weareotv/status/828680697678278656","Yes to more @BGWebSeries coverage ! Come to the Chicago Premiere Party on Feb 15th https://t.co/YP1qRHcYKd https://t.co/1kiB8Uq6My","2017-02-06 19:04 +0000","1191.0","12.0","0.010075566750629723","2.0","0.0","4.0","3.0","3.0","0.0","0.0","0.0","0","0","0","0","0","0","0","-","-","-","-","-","-","-","-","-","-","-","-","-","-","-","-","-","-"
"827970496272674816","https://twitter.com/weareotv/status/827970496272674816","TY to @Chicago_Reader for ""Women of color call the shots in the Chicago-based webseries"" on @BGWebSeries. read on: https://t.co/DE80og3h8l https://t.co/cR2GlpdSOp","2017-02-04 20:02 +0000","236.0","6.0","0.025423728813559324","0.0","0.0","3.0","1.0","0.0","0.0","2.0","0.0","0","0","0","0","0","0","0","-","-","-","-","-","-","-","-","-","-","-","-","-","-","-","-","-","-"
"827622018220695552","https://twitter.com/weareotv/status/827622018220695552",".@ElleZilla Yes! Head down to https://t.co/PQ6r6HCWeE :)","2017-02-03 20:57 +0000","165.0","4.0","0.024242424242424242","0.0","1.0","2.0","0.0","0.0","0.0","1.0","0.0","0","0","0","0","0","0","0","-","-","-","-","-","-","-","-","-","-","-","-","-","-","-","-","-","-"
"827582455116865537","https://twitter.com/weareotv/status/827582455116865537","TY to all that made #OpenTVTonight special! We had an incredible time at the @mcachicago and at the 🔥 @party_noire after party. Stay tuned! https://t.co/x39BswGook","2017-02-03 18:20 +0000","784.0","17.0","0.021683673469387755","4.0","0.0","5.0","2.0","1.0","0.0","0.0","0.0","0","0","0","0","0","5","5","-","-","-","-","-","-","-","-","-","-","-","-","-","-","-","-","-","-"
"827578198619734019","https://twitter.com/weareotv/status/827578198619734019","Condragulations to #opentvcommunity fam @SheaCoulee 4 being cast in @RuPaulsDragRace Season 9! See her in #LipstickCity &amp; @YoureSoTalented https://t.co/EfozULJ3P3","2017-02-03 18:03 +0000","4000.0","138.0","0.0345","5.0","0.0","19.0","10.0","3.0","1.0","7.0","0.0","0","0","0","0","0","93","93","-","-","-","-","-","-","-","-","-","-","-","-","-","-","-","-","-","-"
"827255496411271177","https://twitter.com/weareotv/status/827255496411271177","Hi @colbykeller ❤️ https://t.co/5rSxdYitOO","2017-02-02 20:40 +0000","287.0","3.0","0.010452961672473868","0.0","0.0","2.0","0.0","0.0","0.0","1.0","0.0","0","0","0","0","0","0","0","-","-","-","-","-","-","-","-","-","-","-","-","-","-","-","-","-","-"
