"plays","downloads","loads","finishes","likes","comments","uri","name","duration","created_time","sizes","unique_loads","mean_percent","mean_seconds","sum_seconds","total_seconds","unique_viewers"
4030,0,18544,2148,2,0,/videos/147648438,"Full Out -- Season One Trailer",105,2015-12-02T21:48:19+00:00,Array,0,84,84,338810,427080,0
1798,0,3991,74,1,0,/videos/143933380,"Open TV Presents: Southern for Pussy",283,2015-10-28T22:38:55+00:00,Array,0,74,140,253106,507919,0
1240,0,1918,166,2,0,/videos/152854976,"Full Out -- Episode 1",903,2016-01-24T03:25:13+00:00,Array,0,65,556,690331,1122629,0
185,3,350,12,1,0,/videos/150002138,"Futurewomen: The Quest -- Episode 3",842,2015-12-25T07:13:40+00:00,Array,0,33,210,38867,154175,0
158,0,497,27,0,0,/videos/121810540,"You're So Talented, Chapter One",341,2015-03-10T18:04:57+00:00,Array,0,69,210,33277,53155,0
125,0,538,53,0,0,/videos/143466703,"You're So Talented: Season 2 Official Trailer",119,2015-10-24T13:58:49+00:00,Array,0,82,93,11632,15418,0
114,0,205,13,0,0,/videos/123121866,"You're So Talented, Season One -- Chapter Two",459,2015-03-24T18:39:13+00:00,Array,0,78,263,30033,51049,0
84,0,185,9,0,0,/videos/124849631,"You're So Talented, Season One -- Chapter Four",295,2015-04-13T17:46:12+00:00,Array,0,78,187,15779,24756,0
81,0,134,11,0,0,/videos/124357625,"You're So Talented, Season One -- Chapter Three",397,2015-04-07T22:23:45+00:00,Array,0,84,261,21160,32146,0
62,0,109,3,0,0,/videos/128319423,"You're So Talented, Season One -- Chapter Six",266,2015-05-19T23:04:13+00:00,Array,0,80,185,11498,16477,0
61,0,113,7,0,0,/videos/126932556,"You're So Talented, Season One -- Chapter Five",292,2015-05-05T15:32:57+00:00,Array,0,78,209,12750,17804,0
59,0,139,10,0,0,/videos/129668799,"You're So Talented, Season One -- Chapter Seven",477,2015-06-03T14:13:37+00:00,Array,0,86,343,20287,28133,0
57,0,206,2,0,0,/videos/146666127,"Open TV Presents: Let Go and Let God",1376,2015-11-23T17:13:07+00:00,Array,0,46,422,24100,77138,0
40,1,96,6,0,0,/videos/140615202,"Futurewomen, The Characters -- Episode 2",915,2015-09-28T02:11:20+00:00,Array,0,41,294,11787,34155,0
30,5,71,0,1,0,/videos/136670475,"Futurewomen, The Origins -- Episode 1",805,2015-08-18T23:17:14+00:00,Array,0,29,223,6708,23333,0
25,0,81,3,0,0,/videos/134807299,"Open TV Presents: Nupita Obama Creates Vogua",731,2015-07-29T04:46:53+00:00,Array,0,60,392,9801,16273,0
22,0,104,7,0,0,/videos/136579050,"Introducing Peppa of #Futurewomen",187,2015-08-18T04:21:15+00:00,Array,0,67,117,2592,4214,0
14,0,41,12,0,0,/videos/145222124,"Two Queens in Kitchen - Teaser One",16,2015-11-10T02:06:53+00:00,Array,0,94,14,205,218,0
8,0,43,2,0,0,/videos/130134667,"Introducing Open TV (beta) at TEDx Northwestern",1039,2015-06-08T19:28:36+00:00,Array,0,50,521,4170,8312,0
7,0,94,2,0,0,/videos/121910493,"Teaser -- Nupita Obama Creates Vogua",55,2015-03-11T16:54:25+00:00,Array,0,76,41,292,437,0
5,0,84,0,0,0,/videos/136577953,"Introducing Althea of #Futurewomen",107,2015-08-18T03:58:39+00:00,Array,0,50,32,161,635,0
4,0,24,1,0,0,/videos/132485814,"Open TV Presents: Nupita Obama Creates Vogua Trailer",47,2015-07-02T22:30:04+00:00,Array,0,53,18,75,241,0
3,0,14,0,0,0,/videos/134753960,"#NupitaObama Creates Vogua Premiere: Pilsen",73,2015-07-28T17:24:03+00:00,Array,0,35,17,52,218,0
2,0,65,0,0,0,/videos/135381918,"Introducing Wonder of #Futurewomen",83,2015-08-04T17:50:40+00:00,Array,0,43,35,71,246,0
2,0,16,1,0,0,/videos/11577487,"The Algebra Project",86,2010-05-08T15:21:03+00:00,Array,0,84,73,146,172,0
2,0,15,0,0,0,/videos/126751017,"Teaser -- Futurewomen, an alternate reality series by Honey Pot Performance",47,2015-05-03T21:57:12+00:00,Array,0,71,33,67,94,0
1,0,64,0,0,0,/videos/136578747,"Introducing Isis of #Futurewomen",263,2015-08-18T04:14:52+00:00,Array,0,11,30,30,787,0
1,0,5,0,0,0,/videos/16589287,"It Goes Unsaid",216,2010-11-07T17:28:53+00:00,Array,0,23,50,50,216,0
1,0,13,1,0,0,/videos/133452075,"#NupitaObama Creates Vogua Premiere: Lakeview",77,2015-07-14T14:04:01+00:00,Array,0,98,76,76,77,0
1,0,14,0,0,0,/videos/134346192,"#NupitaObama Creates Vogua Premiere: Wicker Park",98,2015-07-23T20:27:08+00:00,Array,0,22,22,22,98,0
0,0,1,0,0,0,/videos/149806393,"Introducing the Chicago Home Theater Festival 2015",626,2015-12-22T21:16:50+00:00,Array,0,0,0,0,0,0
0,0,6,0,0,0,,0,0,0,0,0,0
0,0,16,0,0,0,/videos/11587706,"Military Sexual Trauma",1610,2010-05-09T02:02:01+00:00,Array,0,0,0,0,0,0
0,0,15,0,0,0,/videos/11587726,"Spike Lee with Talk Radio News",119,2010-05-09T02:03:33+00:00,Array,0,0,0,0,0,0
0,0,23,0,0,0,/videos/28078430,"Philadelphia Voices of Pride",129,2011-08-23T21:42:52+00:00,Array,0,0,0,0,0,0
0,0,1,0,0,0,/videos/25944002,"Michaela Angela Davis on Race and Fashion: ""Color is a Distraction""",230,2011-07-03T22:21:57+00:00,Array,0,0,0,0,0,0
0,0,6,0,0,0,/videos/23215153,"A Conversation with Michaela Angela Davis at the Urban Catwalk",108,2011-05-03T15:54:14+00:00,Array,0,0,0,0,0,0
0,0,16,0,0,0,/videos/11578516,"Talk Radio News - Dennis Kucinich",381,2010-05-08T16:22:50+00:00,Array,0,0,0,0,0,0
0,0,16,0,0,0,/videos/13692827,"Pay Day",1586,2010-07-28T02:28:12+00:00,Array,0,0,0,0,0,0
0,0,16,0,0,0,/videos/11588116,"Project Basho",129,2010-05-09T02:35:04+00:00,Array,0,0,0,0,0,0
0,0,15,0,0,0,/videos/11588056,"A Day at the Plant",331,2010-05-09T02:28:43+00:00,Array,0,0,0,0,0,0
0,0,5,0,0,0,,0,0,0,0,0,0
0,0,16,0,0,0,/videos/11577839,"Senegal: Sights, Sounds and Struggles",286,2010-05-08T15:44:57+00:00,Array,0,0,0,0,0,0
0,0,6,0,0,0,,0,0,0,0,0,0
0,0,7,0,0,0,/videos/9768044,"FAME: Kade Style (Anniversary Cut!)",627,2010-02-26T21:33:50+00:00,Array,0,0,0,0,0,0
0,0,13,0,0,0,/videos/10225370,"Artspace Underground, February 2010",376,2010-03-17T04:45:04+00:00,Array,0,0,0,0,0,0
"
",,,,,,,,,,,,,,,,
