"plays","downloads","loads","finishes","likes","comments","uri","name","duration","created_time","sizes","unique_loads","mean_percent","mean_seconds","sum_seconds","total_seconds","unique_viewers"
2614,0,6374,354,6,2,/videos/158069617,"Full Out -- Episode 4",566,2016-03-07T19:39:45+00:00,Array,0,81,431,1128619,1540054,0
1692,0,8083,247,2,0,/videos/152854976,"Full Out -- Episode 1",903,2016-01-24T03:25:13+00:00,Array,0,71,601,1017189,1576766,0
1616,0,3792,80,0,0,/videos/143933380,"Open TV Presents: Southern for Pussy",283,2015-10-28T22:38:55+00:00,Array,0,72,141,228935,479885,0
1498,0,5014,184,1,0,/videos/156421353,"Full Out -- Episode 3",688,2016-02-23T15:24:23+00:00,Array,0,75,513,768783,1098605,0
1362,0,4581,123,1,0,/videos/154795991,"Full Out -- Episode 2",1349,2016-02-09T23:59:39+00:00,Array,0,76,973,1325356,1930887,0
1147,0,2349,158,5,0,/videos/160115755,"Full Out -- Episode 5",1202,2016-03-23T16:14:37+00:00,Array,0,78,877,1006587,1389524,0
842,0,5613,401,2,0,/videos/147648438,"Full Out -- Season One Trailer",105,2015-12-02T21:48:19+00:00,Array,0,81,80,68064,92910,0
395,5,909,60,0,0,/videos/157297665,"You're So Talented, Season Two - Chapter Three",555,2016-03-01T15:34:39+00:00,Array,0,68,336,132957,241625,0
304,0,603,30,2,0,/videos/154200807,"You're So Talented, Season Two -- Chapter One",521,2016-02-04T16:44:07+00:00,Array,0,66,296,90254,170240,0
249,0,578,22,3,0,/videos/159158733,"You're So Talented, Season Two - Chapter Four",546,2016-03-16T02:57:07+00:00,Array,0,72,358,89346,143464,0
236,0,499,18,0,0,/videos/155827723,"You're So Talented, Season Two -- Chapter Two",668,2016-02-18T14:25:09+00:00,Array,0,68,390,92148,175684,0
172,0,628,41,2,0,/videos/121810540,"You're So Talented, Chapter One",341,2015-03-10T18:04:57+00:00,Array,0,77,244,42007,61331,0
102,0,193,24,0,0,/videos/123121866,"You're So Talented, Season One -- Chapter Two",459,2015-03-24T18:39:13+00:00,Array,0,79,333,34030,50490,0
101,1,344,25,0,0,/videos/143466703,"You're So Talented: Season 2 Official Trailer",119,2015-10-24T13:58:49+00:00,Array,0,63,67,6840,13512,0
92,0,171,10,0,0,/videos/160747140,"You're So Talented, Season Two - Chapter Five",520,2016-03-29T14:20:48+00:00,Array,0,68,341,31457,48321,0
86,0,181,2,0,0,/videos/134807299,"Open TV Presents: Nupita Obama Creates Vogua",731,2015-07-29T04:46:53+00:00,Array,0,48,323,27857,65737,0
83,0,162,16,0,0,/videos/124849631,"You're So Talented, Season One -- Chapter Four",295,2015-04-13T17:46:12+00:00,Array,0,75,196,16280,24447,0
66,0,100,10,0,0,/videos/124357625,"You're So Talented, Season One -- Chapter Three",397,2015-04-07T22:23:45+00:00,Array,0,79,304,20120,26982,0
54,0,120,22,0,0,/videos/160749794,"/Shift/ -- A Fundraiser for Honey Pot Performance",263,2016-03-29T14:37:47+00:00,Array,0,75,184,9965,13649,0
54,0,98,11,0,0,/videos/128319423,"You're So Talented, Season One -- Chapter Six",266,2015-05-19T23:04:13+00:00,Array,0,84,196,10609,14875,0
52,0,89,14,1,0,/videos/126932556,"You're So Talented, Season One -- Chapter Five",292,2015-05-05T15:32:57+00:00,Array,0,85,236,12295,17217,0
46,0,89,11,0,0,/videos/129668799,"You're So Talented, Season One -- Chapter Seven",477,2015-06-03T14:13:37+00:00,Array,0,91,437,20119,23841,0
39,0,146,2,0,0,/videos/146666127,"Open TV Presents: Let Go and Let God",1376,2015-11-23T17:13:07+00:00,Array,0,45,528,20608,72907,0
21,0,110,2,0,0,/videos/150002138,"Futurewomen: The Quest -- Episode 3",842,2015-12-25T07:13:40+00:00,Array,0,29,175,3682,45584,0
14,0,78,1,0,0,/videos/140615202,"Futurewomen, The Characters -- Episode 2",915,2015-09-28T02:11:20+00:00,Array,0,44,382,5349,21045,0
9,0,64,0,0,0,/videos/136670475,"Futurewomen, The Origins -- Episode 1",805,2015-08-18T23:17:14+00:00,Array,0,40,291,2625,11263,0
8,0,46,6,0,0,/videos/145222124,"Two Queens in Kitchen - Teaser One",16,2015-11-10T02:06:53+00:00,Array,0,87,11,94,267,0
5,0,17,0,0,0,/videos/134753960,"#NupitaObama Creates Vogua Premiere: Pilsen",73,2015-07-28T17:24:03+00:00,Array,0,51,29,149,437,0
4,0,94,3,0,0,/videos/121910493,"Teaser -- Nupita Obama Creates Vogua",55,2015-03-11T16:54:25+00:00,Array,0,81,44,176,542,0
4,0,18,1,0,0,/videos/130134667,"Introducing Open TV (beta) at TEDx Northwestern",1039,2015-06-08T19:28:36+00:00,Array,0,35,373,1493,7273,0
3,0,42,1,0,0,/videos/136577953,"Introducing Althea of #Futurewomen",107,2015-08-18T03:58:39+00:00,Array,0,85,61,184,963,0
3,0,19,1,0,0,/videos/11577487,"The Algebra Project",86,2010-05-08T15:21:03+00:00,Array,0,77,44,134,258,0
3,0,9,1,0,0,,0,88,74,222,252,0
2,0,23,0,0,0,/videos/132485814,"Open TV Presents: Nupita Obama Creates Vogua Trailer",47,2015-07-02T22:30:04+00:00,Array,0,24,11,23,235,0
2,0,11,0,0,0,/videos/25944002,"Michaela Angela Davis on Race and Fashion: ""Color is a Distraction""",230,2011-07-03T22:21:57+00:00,Array,0,89,205,410,459,0
2,0,10,0,0,0,/videos/126751017,"Teaser -- Futurewomen, an alternate reality series by Honey Pot Performance",47,2015-05-03T21:57:12+00:00,Array,0,61,29,58,188,0
2,0,27,1,0,0,/videos/135381918,"Introducing Wonder of #Futurewomen",83,2015-08-04T17:50:40+00:00,Array,0,63,52,104,661,0
2,0,37,1,0,0,/videos/136579050,"Introducing Peppa of #Futurewomen",187,2015-08-18T04:21:15+00:00,Array,0,58,108,217,1309,0
2,0,14,2,0,0,/videos/134346192,"#NupitaObama Creates Vogua Premiere: Wicker Park",98,2015-07-23T20:27:08+00:00,Array,0,99,97,194,586,0
1,0,10,0,0,0,/videos/133452075,"#NupitaObama Creates Vogua Premiere: Lakeview",77,2015-07-14T14:04:01+00:00,Array,0,3,3,3,385,0
1,0,33,1,0,0,/videos/136578747,"Introducing Isis of #Futurewomen",263,2015-08-18T04:14:52+00:00,Array,0,100,262,262,2102,0
1,0,20,0,0,0,/videos/11587726,"Spike Lee with Talk Radio News",119,2010-05-09T02:03:33+00:00,Array,0,97,116,116,119,0
1,0,3,0,0,0,/videos/161135550,"NIC Kay's Bronx Cunt Tour -- Trailer",68,2016-04-01T03:39:53+00:00,Array,0,35,24,24,67,0
0,0,23,0,0,0,/videos/28078430,"Philadelphia Voices of Pride",129,2011-08-23T21:42:52+00:00,Array,0,0,0,0,0,0
0,0,1,0,0,0,,0,0,0,0,0,0
0,0,3,0,0,0,/videos/11567668,"LEE's Video Art",214,2010-05-08T00:12:57+00:00,Array,0,0,0,0,0,0
0,0,1,0,0,0,/videos/160674297,"On The Verge -- By Paige Cunningham Caldarella & Jessica King",658,2016-03-28T23:47:44+00:00,Array,0,0,0,0,0,0
0,0,5,0,0,0,,0,0,0,0,0,0
0,0,1,0,0,0,,0,0,0,0,0,0
0,0,1,0,0,0,/videos/149806393,"Introducing the Chicago Home Theater Festival 2015",626,2015-12-22T21:16:50+00:00,Array,0,0,0,0,0,0
0,0,1,0,0,0,/videos/16589287,"It Goes Unsaid",216,2010-11-07T17:28:53+00:00,Array,0,0,0,0,0,0
0,0,3,0,0,0,/videos/23215153,"A Conversation with Michaela Angela Davis at the Urban Catwalk",108,2011-05-03T15:54:14+00:00,Array,0,0,0,0,0,0
0,0,2,0,0,0,,0,0,0,0,0,0
0,0,19,0,0,0,/videos/13692827,"Pay Day",1586,2010-07-28T02:28:12+00:00,Array,0,0,0,0,0,0
0,0,19,0,0,0,/videos/11588116,"Project Basho",129,2010-05-09T02:35:04+00:00,Array,0,0,0,0,0,0
0,0,19,0,0,0,/videos/11588056,"A Day at the Plant",331,2010-05-09T02:28:43+00:00,Array,0,0,0,0,0,0
0,0,3,0,0,0,/videos/11565788,"MEET - Episode Three - JORDAN 10AM",218,2010-05-07T22:22:54+00:00,Array,0,0,0,0,0,0
0,0,19,0,0,0,/videos/11587706,"Military Sexual Trauma",1610,2010-05-09T02:02:01+00:00,Array,0,0,0,0,0,0
0,0,20,0,0,0,/videos/11578516,"Talk Radio News - Dennis Kucinich",381,2010-05-08T16:22:50+00:00,Array,0,0,0,0,0,0
0,0,19,0,0,0,/videos/11577839,"Senegal: Sights, Sounds and Struggles",286,2010-05-08T15:44:57+00:00,Array,0,0,0,0,0,0
0,0,2,0,0,0,/videos/11565555,"MEET - Episode One - JORDAN 9AM",235,2010-05-07T22:11:34+00:00,Array,0,0,0,0,0,0
0,0,3,0,0,0,/videos/11565721,"MEET - Episode Two - LEE 9AM",216,2010-05-07T22:19:26+00:00,Array,0,0,0,0,0,0
0,0,2,0,0,0,,0,0,0,0,0,0
0,0,1,0,0,0,/videos/9768044,"FAME: Kade Style (Anniversary Cut!)",627,2010-02-26T21:33:50+00:00,Array,0,0,0,0,0,0
0,0,1,0,0,0,,0,0,0,0,0,0
0,0,52,0,0,0,/videos/10225370,"Artspace Underground, February 2010",376,2010-03-17T04:45:04+00:00,Array,0,0,0,0,0,0
"
",,,,,,,,,,,,,,,,
