plays,downloads,loads,finishes,likes,comments,uri,name,duration,created_time,sizes,unique_loads,mean_percent,mean_seconds,sum_seconds,total_seconds,unique_viewers,Project ID
26,0.0,372.0,19.0,0.0,0.0,/videos/11588116,Project Basho,129.0,2010-05-09T02:35:04+00:00,Array,0.0,0.0,0.0,0.0,0.0,0.0,PB
15,0.0,577.0,2.0,0.0,0.0,/videos/10225370,"Artspace Underground, February 2010",376.0,2010-03-17T04:45:04+00:00,Array,0.0,0.0,0.0,0.0,0.0,0.0,None
7,2.0,24.0,2.0,0.0,0.0,/videos/21354435,Scenes from the urban catwalk,2702.0,2011-03-22T17:16:55+00:00,Array,0.0,0.0,0.0,0.0,0.0,0.0,UC
2,0.0,11.0,0.0,0.0,0.0,/videos/11577487,The Algebra Project,86.0,2010-05-08T15:21:03+00:00,Array,0.0,0.0,0.0,0.0,0.0,0.0,AP
2,0.0,24.0,2.0,0.0,0.0,/videos/9768044,FAME: Kade Style (Anniversary Cut!),627.0,2010-02-26T21:33:50+00:00,Array,0.0,0.0,0.0,0.0,0.0,0.0,FM
2,0.0,18.0,0.0,0.0,0.0,/videos/11565555,MEET - Episode One - JORDAN 9AM,235.0,2010-05-07T22:11:34+00:00,Array,0.0,0.0,0.0,0.0,0.0,0.0,MT
1,0.0,9.0,0.0,0.0,0.0,/videos/11577839,"Senegal: Sights, Sounds and Struggles",286.0,2010-05-08T15:44:57+00:00,Array,0.0,0.0,0.0,0.0,0.0,0.0,SSS
1,0.0,11.0,1.0,0.0,0.0,/videos/11588056,A Day at the Plant,331.0,2010-05-09T02:28:43+00:00,Array,0.0,0.0,0.0,0.0,0.0,0.0,ADP
1,0.0,22.0,1.0,0.0,0.0,/videos/9768181,Greed is Good: Kade vs. Douglas,74.0,2010-02-26T21:39:08+00:00,Array,0.0,0.0,0.0,0.0,0.0,0.0,GG
1,0.0,31.0,0.0,0.0,0.0,/videos/11565721,MEET - Episode Two - LEE 9AM,216.0,2010-05-07T22:19:26+00:00,Array,0.0,0.0,0.0,0.0,0.0,0.0,MT
1,0.0,11.0,0.0,0.0,0.0,/videos/11587726,Spike Lee with Talk Radio News,119.0,2010-05-09T02:03:33+00:00,Array,0.0,0.0,0.0,0.0,0.0,0.0,TRN
0,0.0,16.0,0.0,0.0,0.0,/videos/11567668,LEE's Video Art,214.0,2010-05-08T00:12:57+00:00,Array,0.0,0.0,0.0,0.0,0.0,0.0,LVA
0,0.0,3.0,0.0,0.0,0.0,/videos/15137704,Is Premiere Week an 'Event'? In Media Res,168.0,2010-09-20T20:54:41+00:00,Array,0.0,0.0,0.0,0.0,0.0,0.0,IMR
0,0.0,29.0,0.0,0.0,0.0,/videos/16589287,It Goes Unsaid,216.0,2010-11-07T17:28:53+00:00,Array,0.0,0.0,0.0,0.0,0.0,0.0,IGU
0,0.0,12.0,0.0,0.0,0.0,/videos/13692827,Pay Day,1586.0,2010-07-28T02:28:12+00:00,Array,0.0,0.0,0.0,0.0,0.0,0.0,PD
0,0.0,9.0,0.0,0.0,0.0,/videos/11587706,Military Sexual Trauma,1610.0,2010-05-09T02:02:01+00:00,Array,0.0,0.0,0.0,0.0,0.0,0.0,MST
0,0.0,17.0,0.0,0.0,0.0,/videos/11565788,MEET - Episode Three - JORDAN 10AM,218.0,2010-05-07T22:22:54+00:00,Array,0.0,0.0,0.0,0.0,0.0,0.0,MT
0,0.0,9.0,0.0,0.0,0.0,/videos/11578516,Talk Radio News - Dennis Kucinich,381.0,2010-05-08T16:22:50+00:00,Array,0.0,0.0,0.0,0.0,0.0,0.0,TRN
