"plays","downloads","loads","finishes","likes","comments","uri","name","duration","created_time","sizes","unique_loads","mean_percent","mean_seconds","sum_seconds","total_seconds","unique_viewers"
107,0,278,22,2,0,/videos/121810540,"You're So Talented, Chapter One",341,2015-03-10T18:04:57+00:00,Array,0,77,221,23727,36117,0
85,0,170,16,1,0,/videos/123121866,"You're So Talented, Season One -- Chapter Two",459,2015-03-24T18:39:13+00:00,Array,0,79,330,28070,39115,0
79,0,111,1,0,0,/videos/136670475,"Futurewomen, The Origins -- Episode 1",805,2015-08-18T23:17:14+00:00,Array,0,26,134,10599,63580,0
69,0,105,14,1,0,/videos/124357625,"You're So Talented, Season One -- Chapter Three",397,2015-04-07T22:23:45+00:00,Array,0,86,306,21159,28161,0
69,0,107,14,0,0,/videos/130134667,"Introducing Open TV (beta) at TEDx Northwestern",1039,2015-06-08T19:28:36+00:00,Array,0,54,488,33674,70652,0
65,0,225,13,1,0,/videos/124849631,"You're So Talented, Season One -- Chapter Four",295,2015-04-13T17:46:12+00:00,Array,0,82,241,15713,19735,0
56,0,131,10,1,0,/videos/129668799,"You're So Talented, Season One -- Chapter Seven",477,2015-06-03T14:13:37+00:00,Array,0,80,384,21553,27169,0
45,0,76,9,0,0,/videos/140615202,"Futurewomen, The Characters -- Episode 2",915,2015-09-28T02:11:20+00:00,Array,0,47,365,16450,41175,0
45,0,60,9,1,0,/videos/128319423,"You're So Talented, Season One -- Chapter Six",266,2015-05-19T23:04:13+00:00,Array,0,78,208,9395,11953,0
43,0,93,11,1,0,/videos/126932556,"You're So Talented, Season One -- Chapter Five",292,2015-05-05T15:32:57+00:00,Array,0,85,238,10261,12537,0
17,0,54,3,0,0,/videos/134807299,"Open TV Presents: Nupita Obama Creates Vogua",731,2015-07-29T04:46:53+00:00,Array,0,58,401,6818,11694,0
6,0,11,1,0,0,/videos/126751017,"Teaser -- Futurewomen, an alternate reality series by Honey Pot Performance",47,2015-05-03T21:57:12+00:00,Array,0,77,30,183,282,0
3,0,42,0,0,0,/videos/136578747,"Introducing Isis of #Futurewomen",263,2015-08-18T04:14:52+00:00,Array,0,42,112,337,1049,0
3,0,14,0,0,0,/videos/134346192,"#NupitaObama Creates Vogua Premiere: Wicker Park",98,2015-07-23T20:27:08+00:00,Array,0,47,30,92,292,0
2,0,42,2,0,0,/videos/136577953,"Introducing Althea of #Futurewomen",107,2015-08-18T03:58:39+00:00,Array,0,75,121,243,321,0
2,0,16,1,0,0,/videos/121910493,"Teaser -- Nupita Obama Creates Vogua",55,2015-03-11T16:54:25+00:00,Array,0,88,48,97,110,0
2,0,43,0,0,0,/videos/136579050,"Introducing Peppa of #Futurewomen",187,2015-08-18T04:21:15+00:00,Array,0,33,31,62,287,0
2,0,16,1,0,0,/videos/134753960,"#NupitaObama Creates Vogua Premiere: Pilsen",73,2015-07-28T17:24:03+00:00,Array,0,89,65,130,145,0
1,0,10,1,0,0,/videos/11577487,"The Algebra Project",86,2010-05-08T15:21:03+00:00,Array,0,98,85,85,86,0
1,0,14,1,0,0,/videos/133452075,"#NupitaObama Creates Vogua Premiere: Lakeview",77,2015-07-14T14:04:01+00:00,Array,0,100,77,77,77,0
1,0,3,1,0,0,/videos/16589287,"It Goes Unsaid",216,2010-11-07T17:28:53+00:00,Array,0,100,216,216,216,0
0,0,36,0,0,0,/videos/135381918,"Introducing Wonder of #Futurewomen",83,2015-08-04T17:50:40+00:00,Array,0,0,0,0,0,0
0,0,1,0,0,0,/videos/111191333,"vogua kiam",255,2014-11-07T09:27:00+00:00,Array,0,0,0,0,0,0
0,0,10,0,0,0,/videos/11577839,"Senegal: Sights, Sounds and Struggles",286,2010-05-08T15:44:57+00:00,Array,0,0,0,0,0,0
0,0,15,0,0,0,/videos/28078430,"Philadelphia Voices of Pride",129,2011-08-23T21:42:52+00:00,Array,0,0,0,0,0,0
0,0,1,0,0,0,/videos/25944002,"Michaela Angela Davis on Race and Fashion: ""Color is a Distraction""",230,2011-07-03T22:21:57+00:00,Array,0,0,0,0,0,0
0,0,6,0,0,0,/videos/23215153,"A Conversation with Michaela Angela Davis at the Urban Catwalk",108,2011-05-03T15:54:14+00:00,Array,0,0,0,0,0,0
0,0,2,0,0,0,/videos/21354435,"Scenes from the urban catwalk",2702,2011-03-22T17:16:55+00:00,Array,0,0,0,0,0,0
0,0,10,0,0,0,/videos/11578516,"Talk Radio News - Dennis Kucinich",381,2010-05-08T16:22:50+00:00,Array,0,0,0,0,0,0
0,0,12,0,0,0,/videos/13692827,"Pay Day",1586,2010-07-28T02:28:12+00:00,Array,0,0,0,0,0,0
0,0,10,0,0,0,/videos/11588116,"Project Basho",129,2010-05-09T02:35:04+00:00,Array,0,0,0,0,0,0
0,0,10,0,0,0,/videos/11588056,"A Day at the Plant",331,2010-05-09T02:28:43+00:00,Array,0,0,0,0,0,0
0,0,10,0,0,0,/videos/11587726,"Spike Lee with Talk Radio News",119,2010-05-09T02:03:33+00:00,Array,0,0,0,0,0,0
0,0,18,0,0,0,/videos/132485814,"Open TV Presents: Nupita Obama Creates Vogua Trailer",47,2015-07-02T22:30:04+00:00,Array,0,0,0,0,0,0
0,0,11,0,0,0,/videos/11587706,"Military Sexual Trauma",1610,2010-05-09T02:02:01+00:00,Array,0,0,0,0,0,0
0,0,10,0,0,0,/videos/9768044,"FAME: Kade Style (Anniversary Cut!)",627,2010-02-26T21:33:50+00:00,Array,0,0,0,0,0,0
0,0,12,0,0,0,/videos/10225370,"Artspace Underground, February 2010",376,2010-03-17T04:45:04+00:00,Array,0,0,0,0,0,0
"
",,,,,,,,,,,,,,,,
