﻿"Post ID",Permalink,"Post Message",Type,Countries,Languages,Posted,"Audience Targeting","Content Tags","Custom Labels","Is Broadcast","Universal Video ID","Lifetime Post Total Impressions","Lifetime Post Total Reach","Lifetime Total Video Views","Lifetime Unique Video Views","Lifetime Total 30-Second Views","Lifetime Unique 30-Second Views","Lifetime Total watches at 95%","Lifetime Unique watches at 95%","Lifetime Total 60-Second Video Views","Lifetime Unique 60-Second Video Views","Lifetime Auto-Played Video Views","Lifetime Clicked-to-Play Video Views","Lifetime Auto-Played 30-Second Views","Lifetime Clicked-to-Play 30-Second Views","Lifetime Auto-Played watches at 95%","Lifetime Clicked-to-Play watches at 95%","Lifetime Post Paid Impressions","Lifetime Post Organic Impressions","Lifetime Paid Video Views","Lifetime Organic Video Views","Lifetime Paid 30-Second Views","Lifetime Organic 30-Second Views","Lifetime Paid watches at 95%","Lifetime Organic watches at 95%","Lifetime Post Consumptions by type - link clicks","Lifetime Post Consumptions by type - other clicks","Lifetime Post consumers by type - link clicks","Lifetime Post consumers by type - other clicks","Lifetime Post Stories by action type - like","Lifetime Talking About This (Post) by action type - like"
,,,,,,,,,,,,"Lifetime: The number of impressions of your Page post. (Total Count)","Lifetime: The total number of people your Page post was served to. (Unique Users)","Lifetime: Total number of times your video was viewed for more than 3 seconds. (Total Count)","Lifetime: Number of unique people who viewed your video for more than 3 seconds. (Unique Users)","Lifetime: Total number of times your video was viewed for 30 seconds or viewed to the end, whichever came first. (Total Count)","Lifetime: Number of unique people who viewed your video for 30 seconds or to the end, whichever came first. (Unique Users)","Lifetime: The number of times your video was watched at 95% of its length , including watches that skipped to this point. (Total Count)","Lifetime: The number of unique people who watched your video at 95% of its length, including people that skipped to this point. (Unique Users)","Lifetime: The number of people who viewed your video for at least 60 seconds, given that the video is at least 60 seconds long. (Total Count)","Lifetime: The number of unique people who viewed your video for at least 60 seconds, given that the video is at least 60 seconds long. (Unique Users)","Lifetime: Number of times your video started automatically playing and people viewed it for more than 3 seconds. (Total Count)","Lifetime: Number of times people clicked to play your video and viewed it more than 3 seconds. (Total Count)","Lifetime: Number of times your video started automatically playing and people viewed it for 30 seconds or to the end, whichever came first. (Total Count)","Lifetime: Number of times people clicked to play your video and viewed it for 30 seconds or to the end, whichever came first. (Total Count)","Lifetime: Number of times your video started automatically playing and people watched it at 95% of its length, including watches that skipped to this point. (Total Count)","Lifetime: Number of times people clicked to play your video and watched it at 95% of its length, including watches that skipped to this point. (Total Count)","Lifetime: The number of impressions of your Page post in an Ad or Sponsored Story. (Total Count)","Lifetime: The number of impressions of your post in News Feed or ticker or on your Page's Timeline. (Total Count)","Lifetime: Number of times your video was viewed more than 3 seconds after paid promotion. (Total Count)","Lifetime: Number of times your video was viewed for more than 3 seconds without any paid promotion. (Total Count)","Lifetime: Number of times your video was viewed for 30 seconds or viewed to the end, whichever came first, after a paid promotion. (Total Count)","Lifetime: Number of times your video was viewed for 30 seconds or viewed to the end, whichever came first, without a paid promotion. (Total Count)","Lifetime: The number of times your video was watched at 95% of its length after paid promotion, including watches that skipped to this point. (Total Count)","Lifetime: The number of times your video was watched at 95% of its length without any paid promotion, including watches that skipped to this point. (Total Count)","Lifetime: The number of clicks anywhere in your post, by type. (Total Count)",,"Lifetime: The number of people who clicked anywhere in your post, by type. (Unique Users)",,"Lifetime: The number of stories created about your Page post, by action type. (Total Count)","Lifetime: The number of unique people who created a story about your Page post by interacting with it. (Unique Users)"
357045034501999_601302316742935,https://www.facebook.com/weareotv/posts/601302316742935,"For the first time watch #BrownGirlsTV writer Fatimah Asghar and director/producer Samantha Bailey discuss the show with each other on camera!",SharedVideo,,,"02/27/2017 10:41:38 AM"," "," ",,0,,910,533,91,88,0,0,0,0,0,0,90,1,0,0,0,0,0,910,0,91,0,0,0,0,,92,,57,10,10
357045034501999_592775804262253,https://www.facebook.com/weareotv/posts/592775804262253,"Thank you BET for the shout out!

Brown Girls premieres on February 15th. If you're in Chicago, head down to the Brown Girls Release Party at Chicago Art Department for a screening of the entire first season, performances from muse and musical director Jamila Woods, co-star Sonia Denis, co-star Nabila Hossain, Swati Tawari, Lisa Mishra Music, and Po'Chop.  

There are screenings happening in major cities all over the world, check out the Brown Girls page for more details on other release parties and follow #browngirlsTV to be a part of the conversation. 

Brown Girls will be available exclusively on weareopen.tv",SharedVideo,,,"02/09/2017 11:54:11 AM"," "," ",,0,,535,319,69,63,0,0,0,0,0,0,66,3,0,0,0,0,0,535,0,69,0,0,0,0,2,44,2,28,12,12
357045034501999_591566837716483,https://www.facebook.com/weareotv/posts/591566837716483,"So you came to #OpenTVTonight and got hype for Afternoon Snatch and then realized it wasn't out yet.

Never fear, join us for the Afternoon Snatch Premiere at the beautiful Claudia Cassidy Theater in the Chicago Cultural Center on February 22nd! We will open the evening with a dazzling performance by Darling Squire, screen the entire first season, and close out that portion of the night with a Q&amp;A from the creators Kayla Ginsburg and Ruby Western. Then we will head over to the Chicago Athletic Association Hotel for the after party!

Watch their Q&amp;A from #OpenTVTonight below and don't forget to mark your calendars for the Afternoon Snatch Premiere.",SharedVideo,,,"02/06/2017 10:05:14 AM"," "," ",,0,,85,56,18,16,0,0,0,0,0,0,18,0,0,0,0,0,0,85,0,18,0,0,0,0,,2,,2,2,2
