﻿"Post ID",Permalink,"Post Message",Type,Countries,Languages,Posted,"Audience Targeting","Content Tags","Custom Labels","Is Broadcast","Universal Video ID","Lifetime Post Total Impressions","Lifetime Post Total Reach","Lifetime Total Video Views","Lifetime Unique Video Views","Lifetime Total 30-Second Views","Lifetime Unique 30-Second Views","Lifetime Total watches at 95%","Lifetime Unique watches at 95%","Lifetime Total 60-Second Video Views","Lifetime Unique 60-Second Video Views","Lifetime Auto-Played Video Views","Lifetime Clicked-to-Play Video Views","Lifetime Auto-Played 30-Second Views","Lifetime Clicked-to-Play 30-Second Views","Lifetime Auto-Played watches at 95%","Lifetime Clicked-to-Play watches at 95%","Lifetime Post Paid Impressions","Lifetime Post Organic Impressions","Lifetime Paid Video Views","Lifetime Organic Video Views","Lifetime Paid 30-Second Views","Lifetime Organic 30-Second Views","Lifetime Paid watches at 95%","Lifetime Organic watches at 95%"
,,,,,,,,,,,,"Lifetime: The number of impressions of your Page post. (Total Count)","Lifetime: The total number of people your Page post was served to. (Unique Users)","Lifetime: Total number of times your video was viewed for more than 3 seconds. (Total Count)","Lifetime: Number of unique people who viewed your video for more than 3 seconds. (Unique Users)","Lifetime: Total number of times your video was viewed for 30 seconds or viewed to the end, whichever came first. (Total Count)","Lifetime: Number of unique people who viewed your video for 30 seconds or to the end, whichever came first. (Unique Users)","Lifetime: The number of times your video was watched at 95% of its length , including watches that skipped to this point. (Total Count)","Lifetime: The number of unique people who watched your video at 95% of its length, including people that skipped to this point. (Unique Users)","Lifetime: The number of people who viewed your video for at least 60 seconds, given that the video is at least 60 seconds long. (Total Count)","Lifetime: The number of unique people who viewed your video for at least 60 seconds, given that the video is at least 60 seconds long. (Unique Users)","Lifetime: Number of times your video started automatically playing and people viewed it for more than 3 seconds. (Total Count)","Lifetime: Number of times people clicked to play your video and viewed it more than 3 seconds. (Total Count)","Lifetime: Number of times your video started automatically playing and people viewed it for 30 seconds or to the end, whichever came first. (Total Count)","Lifetime: Number of times people clicked to play your video and viewed it for 30 seconds or to the end, whichever came first. (Total Count)","Lifetime: Number of times your video started automatically playing and people watched it at 95% of its length, including watches that skipped to this point. (Total Count)","Lifetime: Number of times people clicked to play your video and watched it at 95% of its length, including watches that skipped to this point. (Total Count)","Lifetime: The number of impressions of your Page post in an Ad or Sponsored Story. (Total Count)","Lifetime: The number of impressions of your post in News Feed or ticker or on your Page's Timeline. (Total Count)","Lifetime: Number of times your video was viewed more than 3 seconds after paid promotion. (Total Count)","Lifetime: Number of times your video was viewed for more than 3 seconds without any paid promotion. (Total Count)","Lifetime: Number of times your video was viewed for 30 seconds or viewed to the end, whichever came first, after a paid promotion. (Total Count)","Lifetime: Number of times your video was viewed for 30 seconds or viewed to the end, whichever came first, without a paid promotion. (Total Count)","Lifetime: The number of times your video was watched at 95% of its length after paid promotion, including watches that skipped to this point. (Total Count)","Lifetime: The number of times your video was watched at 95% of its length without any paid promotion, including watches that skipped to this point. (Total Count)"
357045034501999_367593253447177,https://www.facebook.com/weareotv/videos/367593253447177/,"Are you ready for the future of indie #television? Check out the first teaser from #OpenTVPresents: &quot;Nupita Obama Creates Vogua&quot; starring the ultra-cunty Mister Wallace. Premiering soon! 

**Open TV Presents are independent pilots about artists exploring alternative relationships. More sassy updates coming your way. Be excited. #queer #makeyourown #voguing #yoga

Watch the episode now! https://vimeo.com/134807299

Music by: Mister Wallace",Video,,,"03/16/2015 09:10:31 AM"," "," ",,0,,0,0,0,0,0,0,0,0,0,0,0,0,0,0,0,0,0,0,0,0,0,0,0,0
