﻿"Post ID",Permalink,"Post Message",Type,Countries,Languages,Posted,"Audience Targeting","Content Tags","Custom Labels","Is Broadcast","Universal Video ID","Lifetime Post Total Impressions","Lifetime Post Total Reach","Lifetime Total Video Views","Lifetime Unique Video Views","Lifetime Total 30-Second Views","Lifetime Unique 30-Second Views","Lifetime Total watches at 95%","Lifetime Unique watches at 95%","Lifetime Total 60-Second Video Views","Lifetime Unique 60-Second Video Views","Lifetime Auto-Played Video Views","Lifetime Clicked-to-Play Video Views","Lifetime Auto-Played 30-Second Views","Lifetime Clicked-to-Play 30-Second Views","Lifetime Auto-Played watches at 95%","Lifetime Clicked-to-Play watches at 95%","Lifetime Post Paid Impressions","Lifetime Post Organic Impressions","Lifetime Paid Video Views","Lifetime Organic Video Views","Lifetime Paid 30-Second Views","Lifetime Organic 30-Second Views","Lifetime Paid watches at 95%","Lifetime Organic watches at 95%","Lifetime Post Consumptions by type - other clicks","Lifetime Post consumers by type - other clicks","Lifetime Post Stories by action type - like","Lifetime Talking About This (Post) by action type - like"
,,,,,,,,,,,,"Lifetime: The number of impressions of your Page post. (Total Count)","Lifetime: The total number of people your Page post was served to. (Unique Users)","Lifetime: Total number of times your video was viewed for more than 3 seconds. (Total Count)","Lifetime: Number of unique people who viewed your video for more than 3 seconds. (Unique Users)","Lifetime: Total number of times your video was viewed for 30 seconds or viewed to the end, whichever came first. (Total Count)","Lifetime: Number of unique people who viewed your video for 30 seconds or to the end, whichever came first. (Unique Users)","Lifetime: The number of times your video was watched at 95% of its length , including watches that skipped to this point. (Total Count)","Lifetime: The number of unique people who watched your video at 95% of its length, including people that skipped to this point. (Unique Users)","Lifetime: The number of people who viewed your video for at least 60 seconds, given that the video is at least 60 seconds long. (Total Count)","Lifetime: The number of unique people who viewed your video for at least 60 seconds, given that the video is at least 60 seconds long. (Unique Users)","Lifetime: Number of times your video started automatically playing and people viewed it for more than 3 seconds. (Total Count)","Lifetime: Number of times people clicked to play your video and viewed it more than 3 seconds. (Total Count)","Lifetime: Number of times your video started automatically playing and people viewed it for 30 seconds or to the end, whichever came first. (Total Count)","Lifetime: Number of times people clicked to play your video and viewed it for 30 seconds or to the end, whichever came first. (Total Count)","Lifetime: Number of times your video started automatically playing and people watched it at 95% of its length, including watches that skipped to this point. (Total Count)","Lifetime: Number of times people clicked to play your video and watched it at 95% of its length, including watches that skipped to this point. (Total Count)","Lifetime: The number of impressions of your Page post in an Ad or Sponsored Story. (Total Count)","Lifetime: The number of impressions of your post in News Feed or ticker or on your Page's Timeline. (Total Count)","Lifetime: Number of times your video was viewed more than 3 seconds after paid promotion. (Total Count)","Lifetime: Number of times your video was viewed for more than 3 seconds without any paid promotion. (Total Count)","Lifetime: Number of times your video was viewed for 30 seconds or viewed to the end, whichever came first, after a paid promotion. (Total Count)","Lifetime: Number of times your video was viewed for 30 seconds or viewed to the end, whichever came first, without a paid promotion. (Total Count)","Lifetime: The number of times your video was watched at 95% of its length after paid promotion, including watches that skipped to this point. (Total Count)","Lifetime: The number of times your video was watched at 95% of its length without any paid promotion, including watches that skipped to this point. (Total Count)","Lifetime: The number of clicks anywhere in your post, by type. (Total Count)","Lifetime: The number of people who clicked anywhere in your post, by type. (Unique Users)","Lifetime: The number of stories created about your Page post, by action type. (Total Count)","Lifetime: The number of unique people who created a story about your Page post by interacting with it. (Unique Users)"
357045034501999_675146766025156,https://www.facebook.com/weareotv/posts/675146766025156,"Very important conversation about the lack of South Asian women in film! Shout out to Brown Girls and Minita Gandhi for being mentioned. 

Want more brown girls? Check out Geeta's Guide To Moving On!

#BrownGirlsTV #GeetasGuide",SharedVideo,,,"08/07/2017 01:03:49 PM"," "," ",,0,,1474,951,255,253,0,0,0,0,0,0,253,2,0,0,0,0,0,1474,0,255,0,0,0,0,74,42,14,13
