﻿"Post ID",Permalink,"Post Message",Type,Countries,Languages,Posted,"Audience Targeting","Content Tags","Custom Labels","Is Broadcast","Universal Video ID","Lifetime Post Total Impressions","Lifetime Post Total Reach","Lifetime Total Video Views","Lifetime Unique Video Views","Lifetime Total 30-Second Views","Lifetime Unique 30-Second Views","Lifetime Total watches at 95%","Lifetime Unique watches at 95%","Lifetime Total 60-Second Video Views","Lifetime Unique 60-Second Video Views","Lifetime Auto-Played Video Views","Lifetime Clicked-to-Play Video Views","Lifetime Auto-Played 30-Second Views","Lifetime Clicked-to-Play 30-Second Views","Lifetime Auto-Played watches at 95%","Lifetime Clicked-to-Play watches at 95%","Lifetime Post Paid Impressions","Lifetime Post Organic Impressions","Lifetime Paid Video Views","Lifetime Organic Video Views","Lifetime Paid 30-Second Views","Lifetime Organic 30-Second Views","Lifetime Paid watches at 95%","Lifetime Organic watches at 95%","Lifetime Post Consumptions by type - other clicks","Lifetime Post consumers by type - other clicks","Lifetime Post Stories by action type - like","Lifetime Talking About This (Post) by action type - like"
,,,,,,,,,,,,"Lifetime: The number of impressions of your Page post. (Total Count)","Lifetime: The total number of people your Page post was served to. (Unique Users)","Lifetime: Total number of times your video was viewed for more than 3 seconds. (Total Count)","Lifetime: Number of unique people who viewed your video for more than 3 seconds. (Unique Users)","Lifetime: Total number of times your video was viewed for 30 seconds or viewed to the end, whichever came first. (Total Count)","Lifetime: Number of unique people who viewed your video for 30 seconds or to the end, whichever came first. (Unique Users)","Lifetime: The number of times your video was watched at 95% of its length , including watches that skipped to this point. (Total Count)","Lifetime: The number of unique people who watched your video at 95% of its length, including people that skipped to this point. (Unique Users)","Lifetime: The number of people who viewed your video for at least 60 seconds, given that the video is at least 60 seconds long. (Total Count)","Lifetime: The number of unique people who viewed your video for at least 60 seconds, given that the video is at least 60 seconds long. (Unique Users)","Lifetime: Number of times your video started automatically playing and people viewed it for more than 3 seconds. (Total Count)","Lifetime: Number of times people clicked to play your video and viewed it more than 3 seconds. (Total Count)","Lifetime: Number of times your video started automatically playing and people viewed it for 30 seconds or to the end, whichever came first. (Total Count)","Lifetime: Number of times people clicked to play your video and viewed it for 30 seconds or to the end, whichever came first. (Total Count)","Lifetime: Number of times your video started automatically playing and people watched it at 95% of its length, including watches that skipped to this point. (Total Count)","Lifetime: Number of times people clicked to play your video and watched it at 95% of its length, including watches that skipped to this point. (Total Count)","Lifetime: The number of impressions of your Page post in an Ad or Sponsored Story. (Total Count)","Lifetime: The number of impressions of your post in News Feed or ticker or on your Page's Timeline. (Total Count)","Lifetime: Number of times your video was viewed more than 3 seconds after paid promotion. (Total Count)","Lifetime: Number of times your video was viewed for more than 3 seconds without any paid promotion. (Total Count)","Lifetime: Number of times your video was viewed for 30 seconds or viewed to the end, whichever came first, after a paid promotion. (Total Count)","Lifetime: Number of times your video was viewed for 30 seconds or viewed to the end, whichever came first, without a paid promotion. (Total Count)","Lifetime: The number of times your video was watched at 95% of its length after paid promotion, including watches that skipped to this point. (Total Count)","Lifetime: The number of times your video was watched at 95% of its length without any paid promotion, including watches that skipped to this point. (Total Count)","Lifetime: The number of clicks anywhere in your post, by type. (Total Count)","Lifetime: The number of people who clicked anywhere in your post, by type. (Unique Users)","Lifetime: The number of stories created about your Page post, by action type. (Total Count)","Lifetime: The number of unique people who created a story about your Page post by interacting with it. (Unique Users)"
357045034501999_455063008033534,https://www.facebook.com/weareotv/posts/455063008033534,,SharedVideo,,,"02/01/2016 08:15:32 PM"," "," ",,0,,208,99,16,14,0,0,0,0,0,0,15,1,0,0,0,0,0,208,0,16,0,0,0,0,2,2,3,3
357045034501999_457789884427513,https://www.facebook.com/weareotv/posts/457789884427513,"Episode Two of #FullOutSeries is here! 
Watch now: www.weareopen.tv/fulloutseries 
Episode Three is LIVE 2/24! Mark your calendars! 
#weareopentv",SharedVideo,,,"02/11/2016 04:40:22 PM"," "," ",,0,,123,57,11,11,0,0,0,0,0,0,11,0,0,0,0,0,0,123,0,11,0,0,0,0,1,1,3,3
357045034501999_461147984091703,https://www.facebook.com/weareotv/posts/461147984091703,"Episode Three of #FullOutSeries is almost here. Tune in tomorrow 2/24! 
#weareopentv #opentvoriginals",SharedVideo,,,"02/23/2016 12:55:31 PM"," "," ",,0,,125,70,12,12,0,0,0,0,0,0,12,0,0,0,0,0,0,125,0,12,0,0,0,0,,,1,1
