"plays","downloads","loads","finishes","domain","path","unique_loads","mean_percent","mean_seconds","sum_seconds","total_seconds","unique_viewers"
11051,0,45894,3876,remezcla.com,,0,66,85,946601,1423259,0
9778,0,17490,2431,vimeo.com,,0,64,222,2175703,3395390,0
8526,0,10504,1687,weareopen.tv,,0,69,248,2114621,3030722,0
7099,0,7705,1621,browngirlswebseries.com,,0,73,293,2082791,2852796,0
6452,0,45449,739,brujostv.com,,0,66,248,1603127,2395712,0
3629,0,7420,1456,out.com,,0,62,30,110691,176839,0
2008,35,7339,376,unknown,,0,20,73,148260,0,0
209,0,222,25,youresotalented.net,,0,63,155,32396,50872,0
104,0,718,0,redbull.com,,0,63,52,5444,8520,0
68,0,227,0,brandonmarkell.com,,0,26,228,15516,58000,0
67,0,260,5,zackarydrucker.com,,0,71,138,9281,13064,0
55,0,1009,17,seedandspark.com,,0,78,33,1859,2376,0
53,0,960,6,vice.com,,0,56,355,18851,33446,0
49,0,57,4,bing.com,,0,74,183,9004,12160,0
45,0,112,5,onemorelesbian.com,,0,61,424,19098,30975,0
43,0,77,7,lesbianmedia.tv,,0,70,526,22647,32121,0
36,0,453,4,kingisafink.com,,0,76,388,13969,18176,0
34,0,190,16,hautemacabre.com,,0,88,39,1342,1512,0
33,0,757,5,indiegogo.com,,0,39,56,1864,4681,0
33,0,287,3,deadline.com,,0,68,179,5908,8631,0
28,0,207,1,www-vice-com.cdn.ampproject.org,,0,36,140,3930,10843,0
23,0,447,4,cdn.embedly.com,,0,60,246,5671,9410,0
21,0,32,2,yahoo.com,,0,38,65,1385,3607,0
21,0,286,4,elle.com,,0,60,201,4234,6987,0
20,0,96,8,shoreline.instructure.com,,0,59,123,2460,4166,0
20,0,24,0,twitter.com,,0,33,104,2097,6342,0
19,0,2812,1,safe.txmblr.com,,0,52,144,2752,5210,0
18,0,651,5,latina.com,,0,84,95,1721,2030,0
18,0,113,3,latinorebels.com,,0,58,131,2366,4060,0
17,0,167,7,oembed.vice.com,,0,77,31,541,696,0
17,0,526,1,ijoc.org,,0,72,260,4420,6086,0
17,0,140,1,theaerogram.com,,0,40,131,2239,5588,0
17,0,462,2,weareopentv.tumblr.com,,0,93,66,1134,1211,0
17,0,25,2,lesbian-interest.eu,,0,39,33,563,1420,0
16,0,44,5,www-out-com.cdn.ampproject.org,,0,75,37,600,792,0
16,0,124,1,aletral.com.br,,0,38,206,3300,8518,0
15,0,346,2,afropunk.com,,0,48,173,2601,5394,0
14,0,317,8,fullspectrumfeatures.com,,0,47,72,1011,2112,0
14,0,187,1,static.parastorage.com,,0,70,102,1441,2049,0
14,0,193,1,theverge.com,,0,68,120,1690,2466,0
12,0,103,1,rashidak.com,,0,61,496,5953,9632,0
12,0,64,4,curvemag.com,,0,83,51,618,742,0
12,0,344,1,fatimahasghar.com,,0,72,123,1483,2055,0
11,0,57,0,google.com,,0,7,18,203,2714,0
11,0,27,3,lesbianlips.es,,0,44,40,442,994,0
10,0,109,7,theguardian.com,,0,68,87,873,1278,0
10,0,20,0,michael-thies-spb3.squarespace.com,,0,34,250,2500,7250,0
9,0,9,0,open-tv.squarespace.com,,0,0,0,0,0,0
9,0,352,0,gofundme.com,,0,65,103,931,1426,0
9,0,76,1,bitchmedia.org,,0,55,270,2432,4410,0
9,0,73,0,tendernessandtiaras.tumblr.com,,0,65,83,749,1136,0
9,0,624,0,thedeependreview.com,,0,0,0,0,0,0
9,0,24,0,artmattersfoundation.org,,0,53,177,1597,2958,0
8,0,94,1,buzzfeed.com,,0,44,78,626,1420,0
7,0,58,3,honeypotperformance.org,,0,61,240,1683,2720,0
7,0,33,2,themuse.jezebel.com,,0,67,82,575,852,0
6,0,85,0,candorarts.com,,0,16,22,134,805,0
6,0,140,0,thedojochi.com,,0,26,103,623,2313,0
6,0,481,2,l.lj-toys.com,,0,70,288,1729,2465,0
6,0,52,0,www-theverge-com.cdn.ampproject.org,,0,64,133,801,1233,0
6,0,12,4,facebook.com,,0,33,92,557,1677,0
5,0,76,0,autostraddle.com,,0,38,32,162,426,0
5,0,15,1,pride.com,,0,47,141,706,1479,0
5,0,5,0,jessicakadish.com,,0,0,0,0,0,0
4,0,4,0,puja-mohindra.com,,0,62,209,837,1342,0
4,0,9,0,rtbf.be,,0,0,0,0,142,0
4,0,13,0,startrek.com,,0,75,40,160,212,0
4,0,36,2,sxizzor.tumblr.com,,0,96,541,2167,2246,0
4,0,6,0,kitschmix.tv,,0,95,192,768,801,0
4,0,42,1,tv.avclub.com,,0,0,0,0,58,0
4,0,10,1,yastatic.net,,0,73,78,313,426,0
3,0,98,0,tvisual.org,,0,47,56,170,360,0
3,0,72,1,queerfudanshi.com,,0,94,166,499,527,0
3,0,3,0,samqbailey.com,,0,95,45,136,142,0
3,0,42,1,bet.com,,0,94,134,402,426,0
3,0,35,0,danpolyak.com,,0,42,235,705,1671,0
3,0,6,1,tvinsider.com,,0,99,136,410,411,0
3,0,21,0,kiam-marcelo-junio.com,,0,70,22,68,96,0
3,0,11,0,andrealanperez.com,,0,88,478,1434,1628,0
3,0,3,0,vk.com,,0,96,180,540,557,0
3,0,58,1,wmagazine.com,,0,41,56,170,411,0
3,0,61,1,nbcnews.com,,0,97,92,277,284,0
3,0,98,0,newnownext.com,,0,0,0,0,0,0
2,0,3,0,pastemagazine.com,,0,42,30,60,142,0
2,0,34,2,aasialashay.com,,0,98,60,120,122,0
2,0,27,1,girlsinfilm.net,,0,53,219,438,822,0
2,0,66,0,chicagoreader.com,,0,0,0,0,0,0
2,0,11,1,voxmagazine.com,,0,78,55,111,142,0
2,0,44,0,cinemalibertad.com,,0,16,142,284,1696,0
2,0,8,1,colonyq.com,,0,98,35,71,72,0
2,0,3,0,huckmagazine.com,,0,50,35,71,142,0
2,0,3,0,liztoonkel.com,,0,95,135,270,284,0
2,0,17,0,sinequanonsalons.com,,0,10,28,56,557,0
2,0,112,1,skindeepmag.com,,0,98,139,279,284,0
2,0,2,0,translatoruser.net,,0,0,0,0,0,0
2,0,42,0,deadline-com.cdn.ampproject.org,,0,0,0,0,0,0
2,0,11,0,intothechic.com,,0,7,15,30,411,0
2,0,7,1,jadedaf.com,,0,19,27,54,284,0
2,0,116,0,amphitheater.caa.com,,0,0,0,0,0,0
2,0,10,0,thescoutmagazine.co,,0,0,0,0,0,0
2,0,2,0,www-chicagotribune-com.cdn.ampproject.org,,0,0,0,0,0,0
2,0,11,0,vibe.com,,0,80,165,330,411,0
2,0,5,1,tv-avclub-com.cdn.ampproject.org,,0,98,28,57,58,0
2,0,2,1,viddatingtips.com,,0,62,250,500,796,0
2,0,93,0,bluestockingsmag.com,,0,0,0,0,0,0
2,0,16,0,lifewithjrdn.com,,0,95,196,393,411,0
2,0,10,1,afrostream.tv,,0,60,85,171,284,0
2,0,128,1,ajchristian.org,,0,0,0,0,58,0
2,0,6,0,mrbrianmorgan.com,,0,63,177,355,557,0
1,0,8,1,odinakaezeokoli.com,,0,99,874,874,875,0
1,0,1,0,okayplayer.com,,0,0,0,0,0,0
1,0,8,0,lezbelib.com,,0,0,0,0,0,0
1,0,14,1,feministing.com,,0,99,141,141,142,0
1,0,19,0,ischoolblogs.sjsu.edu,,0,42,176,176,411,0
1,0,8,0,derekleemcphatter.com,,0,21,47,47,217,0
1,0,1,0,av.av4.xyz,,0,85,242,242,284,0
1,0,252,0,pitchmanager.caa.com,,0,0,0,0,0,0
1,0,129,0,ppwebseries.com,,0,0,0,0,0,0
1,0,18,0,tubefilter.com,,0,6,26,26,411,0
1,0,1,0,tube.1080p.space,,0,0,0,0,0,0
1,0,18,0,blogs.colum.edu,,0,35,30,30,84,0
1,0,29,1,thisisdarkmatters.org,,0,98,71,71,72,0
1,0,1,0,reddit.com,,0,5,33,33,557,0
1,0,73,0,reinesdestempsmodernes.com,,0,0,0,0,0,0
1,0,4,0,seriesporelas.com.br,,0,0,0,0,0,0
1,0,12,0,rickeysmileymorningshow.com,,0,0,0,0,0,0
1,0,18,0,grizzlykiki.com,,0,0,4,4,557,0
1,0,15,0,scandalshack.com,,0,10,42,42,411,0
1,0,81,0,hellobeautiful.com,,0,0,0,0,0,0
1,0,7,0,www-elle-com.cdn.ampproject.org,,0,0,0,0,0,0
1,0,5,0,coriamacouture.com,,0,6,102,102,1539,0
1,0,25,0,courrierinternational.com,,0,27,39,39,142,0
1,0,17,0,justanothergirl.org,,0,28,80,80,284,0
1,0,31,0,shinyblackthings.tumblr.com,,0,0,0,0,0,0
1,0,15,0,coursecraft.net,,0,61,1522,1522,2459,0
1,0,19,0,huffingtonpost.com,,0,0,0,0,0,0
1,0,10,1,splinternews.com,,0,0,0,0,142,0
1,0,76,0,indiewire.com,,0,51,268,268,521,0
1,0,24,1,intersectionalfeminism101.tumblr.com,,0,99,141,141,142,0
1,0,4,0,jeffhadick.com,,0,29,18,18,61,0
1,0,33,0,thoughtcatalog.com,,0,0,0,0,0,0
1,0,9,0,whateverspectrum.com,,0,0,0,0,0,0
1,0,57,0,sonideni.tumblr.com,,0,45,64,64,142,0
1,0,5,0,libertine-mag.com,,0,0,0,0,0,0
1,0,16,0,decider.com,,0,94,390,390,411,0
1,0,8,0,m.huffpost.com,,0,92,132,132,142,0
1,0,13,0,bricartsmedia.org,,0,0,0,0,0,0
1,0,1,0,vix.com,,0,0,0,0,0,0
1,0,1,0,en.av4.xyz,,0,72,206,206,284,0
1,0,1,0,en.mp44.us,,0,36,103,103,284,0
1,0,1,1,en.mytubes.xyz,,0,99,283,283,284,0
1,0,2,0,browngirlmagazine.com,,0,30,44,44,142,0
1,0,25,0,mtv.com,,0,0,0,0,0,0
1,0,12,0,ashnimusic.com,,0,97,400,400,411,0
1,0,1,0,kellyschmader.com,,0,0,0,0,0,0
1,0,9,1,kitschmix.com,,0,99,105,105,106,0
1,0,2,0,netvibes.com,,0,91,66,66,72,0
1,0,34,1,bustle.com,,0,8,46,46,557,0
1,0,41,0,fastcompany.com,,0,97,139,139,142,0
1,0,84,1,browngirlswebseries.tumblr.com,,0,99,141,141,142,0
1,0,32,0,nonbinarydragonvampire.tumblr.com,,0,0,0,0,0,0
1,0,1,0,fawziamirza.com,,0,0,0,0,0,0
1,0,17,0,occupydope.com,,0,63,353,353,557,0
0,0,7,0,ally-hasche.squarespace.com,,0,0,0,0,0,0
0,0,45,0,theoldreader.com,,0,0,0,0,0,0
0,0,7,0,zuriali.com,,0,0,0,0,0,0
0,0,3,0,scoatgape.tumblr.com,,0,0,0,0,0,0
0,0,46,0,elitedaily.com,,0,0,0,0,0,0
0,0,24,0,popculturefreaks.tumblr.com,,0,0,0,0,0,0
0,0,2,0,wp.nyu.edu,,0,0,0,0,0,0
0,0,3,0,phenomenelle.de,,0,0,0,0,0,0
0,0,4,0,sexyrelicanth.tumblr.com,,0,0,0,0,0,0
0,0,2,0,peterwebbblog.wordpress.com,,0,0,0,0,0,0
0,0,1,0,pause.findborg.com,,0,0,0,0,0,0
0,0,10,0,tracking-board.com,,0,0,0,0,0,0
0,0,8,0,updateordie.com,,0,0,0,0,0,0
0,0,4,0,paper.dropbox.com,,0,0,0,0,0,0
0,0,4,0,outspoken.tv,,0,0,0,0,0,0
0,0,2,0,cataloguemagazine.com.au,,0,0,0,0,0,0
0,0,1,0,www-vibe-com.cdn.ampproject.org,,0,0,0,0,0,0
0,0,5,0,sixtwentysevenblog.com,,0,0,0,0,0,0
0,0,1,0,www-mtv-com.cdn.ampproject.org,,0,0,0,0,0,0
0,0,1,0,www-indiewire-com.cdn.ampproject.org,,0,0,0,0,0,0
0,0,8,0,siavahdainthemoon.tumblr.com,,0,0,0,0,0,0
0,0,4,0,ohfucktherewashomework.tumblr.com,,0,0,0,0,0,0
0,0,3,0,offcenterchicago.wixsite.com,,0,0,0,0,0,0
0,0,38,0,vitruvianstudio.com,,0,0,0,0,0,0
0,0,20,0,shanastoryteller.tumblr.com,,0,0,0,0,0,0
0,0,1,0,obviweretheladies.com,,0,0,0,0,0,0
0,0,1,0,nuevayor.tumblr.com,,0,0,0,0,0,0
0,0,8,0,punkpixieprince.tumblr.com,,0,0,0,0,0,0
0,0,5,0,newsblur.com,,0,0,0,0,0,0
0,0,7,0,news.northwestern.edu,,0,0,0,0,0,0
0,0,3,0,whatever-spectrum.squarespace.com,,0,0,0,0,0,0
0,0,1,0,new.oystermag.com,,0,0,0,0,0,0
0,0,1,0,unfartable.tumblr.com,,0,0,0,0,0,0
0,0,2,0,nettvnow.com,,0,0,0,0,0,0
0,0,2,0,netacademia.hu,,0,0,0,0,0,0
0,0,1,0,f3nws.com,,0,0,0,0,0,0
0,0,3,0,nalac.submittable.com,,0,0,0,0,0,0
0,0,1,0,nakid4life.tumblr.com,,0,0,0,0,0,0
0,0,4,0,nakaonwood.com,,0,0,0,0,0,0
0,0,1,0,mylilefeluke.blogspot.de,,0,0,0,0,0,0
0,0,99,0,mylilefeluke.blogspot.com,,0,0,0,0,0,0
0,0,27,0,mylilefeluke.blogspot.co.uk,,0,0,0,0,0,0
0,0,1,0,myfanbase.de,,0,0,0,0,0,0
0,0,7,0,my.kabu-juku.com,,0,0,0,0,0,0
0,0,1,0,mwartines.cf,,0,0,0,0,0,0
0,0,4,0,tysources.tumblr.com,,0,0,0,0,0,0
0,0,39,0,yeseniamejiasite.wordpress.com,,0,0,0,0,0,0
0,0,72,0,mr-witchy-woman.tumblr.com,,0,0,0,0,0,0
0,0,2,0,movierecipe.infoversant.com,,0,0,0,0,0,0
0,0,1,0,mindblips.tumblr.com,,0,0,0,0,0,0
0,0,3,0,milehighsheen.tumblr.com,,0,0,0,0,0,0
0,0,26,0,michellemiltons.com,,0,0,0,0,0,0
0,0,1,0,michaelweldondp.com,,0,0,0,0,0,0
0,0,1,0,the-movemnt.tumblr.com,,0,0,0,0,0,0
0,0,5,0,members.home.nl,,0,0,0,0,0,0
0,0,20,0,mdrnmstry.tumblr.com,,0,0,0,0,0,0
0,0,6,0,mcachicago.org,,0,0,0,0,0,0
0,0,36,0,maurice-dixon-rjtj.squarespace.com,,0,0,0,0,0,0
0,0,32,0,mastermind-traders-club.com,,0,0,0,0,0,0
0,0,2,0,majortvjunkie.tumblr.com,,0,0,0,0,0,0
0,0,1,0,elle.co.za,,0,0,0,0,0,0
0,0,2,0,m.huffingtonpost.in,,0,0,0,0,0,0
0,0,2,0,m.huffingtonpost.com.au,,0,0,0,0,0,0
0,0,21,0,m.chicagoreader.com,,0,0,0,0,0,0
0,0,1,0,m.blog.naver.com,,0,0,0,0,0,0
0,0,7,0,lyntuanjones.tumblr.com,,0,0,0,0,0,0
0,0,22,0,luvart.tumblr.com,,0,0,0,0,0,0
0,0,44,0,lukeblog.blox.pl,,0,0,0,0,0,0
0,0,8,0,www-buzzfeed-com.cdn.ampproject.org,,0,0,0,0,0,0
0,0,1,0,linkedin.com,,0,0,0,0,0,0
0,0,41,0,editorapp.redbull.com,,0,0,0,0,0,0
0,0,23,0,editor.wix.com,,0,0,0,0,0,0
0,0,12,0,lgbtqlatinx.tumblr.com,,0,0,0,0,0,0
0,0,1,0,editmedia.org,,0,0,0,0,0,0
0,0,3,0,letelegramme.fr,,0,0,0,0,0,0
0,0,8,0,lesliedanielleluvs.tumblr.com,,0,0,0,0,0,0
0,0,11,0,wearyourvoicemag.com,,0,0,0,0,0,0
0,0,1,0,djmellowd.com,,0,0,0,0,0,0
0,0,1,0,digg.com,,0,0,0,0,0,0
0,0,66,0,learn.colorado.edu,,0,0,0,0,0,0
0,0,1,0,latinxgeeks.com,,0,0,0,0,0,0
0,0,3,0,dewayneperkins.com,,0,0,0,0,0,0
0,0,292,0,detectivesinctv.tumblr.com,,0,0,0,0,0,0
0,0,3,0,lambdaliterary.org,,0,0,0,0,0,0
0,0,1,0,ladywaste.com,,0,0,0,0,0,0
0,0,96,0,andreiabohn.com.br,,0,0,0,0,0,0
0,0,1,0,kuningkhaza.tumblr.com,,0,0,0,0,0,0
0,0,1,0,kosmonauttihai.tumblr.com,,0,0,0,0,0,0
0,0,17,0,kizztv.com,,0,0,0,0,0,0
0,0,12,0,vunnynutt.tumblr.com,,0,0,0,0,0,0
0,0,12,0,tumbex.com,,0,0,0,0,0,0
0,0,12,0,kiracat.tumblr.com,,0,0,0,0,0,0
0,0,8,0,tonysurvived.tumblr.com,,0,0,0,0,0,0
0,0,2,0,toyafromharlem.com,,0,0,0,0,0,0
0,0,39,0,khadijahwhite.com,,0,0,0,0,0,0
0,0,1,0,darkxmatters.wordpress.com,,0,0,0,0,0,0
0,0,5,0,kalamu.com,,0,0,0,0,0,0
0,0,11,0,kabalism.com,,0,0,0,0,0,0
0,0,1,0,theidentityofshe.com,,0,0,0,0,0,0
0,0,2,0,joeldsiegel.com,,0,0,0,0,0,0
0,0,17,0,jetmag.com,,0,0,0,0,0,0
0,0,3,0,thedigitalhash.com,,0,0,0,0,0,0
0,0,10,0,cursosapientia.com.br,,0,0,0,0,0,0
0,0,53,0,curso.mairovergara.com,,0,0,0,0,0,0
0,0,1,0,jack.do312.com,,0,0,0,0,0,0
0,0,27,0,tffmag.com,,0,0,0,0,0,0
0,0,1,0,cultura.estadao.com.br,,0,0,0,0,0,0
0,0,1,0,ctrl.mmc-s.ru,,0,0,0,0,0,0
0,0,19,0,inoreader.com,,0,0,0,0,0,0
0,0,2,0,crownzmag.com,,0,0,0,0,0,0
0,0,6,0,creakling.tumblr.com,,0,0,0,0,0,0
0,0,20,0,ilove.sergeybreeze.ru,,0,0,0,0,0,0
0,0,4,0,smokyquartzwiki.tumblr.com,,0,0,0,0,0,0
0,0,1,0,ie-j.tumblr.com,,0,0,0,0,0,0
0,0,1,0,hypescreen.com,,0,0,0,0,0,0
0,0,13,0,covealpa.com,,0,0,0,0,0,0
0,0,1,0,sheacoulee.com,,0,0,0,0,0,0
0,0,8,0,hornetapp.com,,0,0,0,0,0,0
0,0,1,0,cosmopolitan.com,,0,0,0,0,0,0
0,0,11,0,heyfranhey.com,,0,0,0,0,0,0
0,0,4,0,herecomesthewitch.tumblr.com,,0,0,0,0,0,0
0,0,9,0,henryqs.tumblr.com,,0,0,0,0,0,0
0,0,2,0,hellogiggles.com,,0,0,0,0,0,0
0,0,10,0,colorlines.com,,0,0,0,0,0,0
0,0,14,0,hellobeautiful-com.cdn.ampproject.org,,0,0,0,0,0,0
0,0,17,0,hdrthdrt.tumblr.com,,0,0,0,0,0,0
0,0,84,0,sanic.tumblr.com,,0,0,0,0,0,0
0,0,1,0,collectiveintent.tumblr.com,,0,0,0,0,0,0
0,0,1,0,gozamos.com,,0,0,0,0,0,0
0,0,4,0,yootsart.tumblr.com,,0,0,0,0,0,0
0,0,12,0,gomag.com,,0,0,0,0,0,0
0,0,2,0,goldsmall.tumblr.com,,0,0,0,0,0,0
0,0,1,0,chrisdale.org,,0,0,0,0,0,0
0,0,34,0,glaad.org,,0,0,0,0,0,0
0,0,2,0,girltalkhq.com,,0,0,0,0,0,0
0,0,1,0,amp-chicagoist-com.cdn.ampproject.org,,0,0,0,0,0,0
0,0,1,0,getpocket.com,,0,0,0,0,0,0
0,0,2,0,gawker.com,,0,0,0,0,0,0
0,0,4,0,g-taire.tumblr.com,,0,0,0,0,0,0
0,0,26,0,chicagofilmmakers.org,,0,0,0,0,0,0
0,0,8,0,forum.popjustice.com,,0,0,0,0,0,0
0,0,1,0,forlesbies.tumblr.com,,0,0,0,0,0,0
0,0,1,0,follownews.com,,0,0,0,0,0,0
0,0,2,0,floodmagazine.com,,0,0,0,0,0,0
0,0,2,0,feromoon.info,,0,0,0,0,0,0
0,0,1,0,fero.tips,,0,0,0,0,0,0
0,0,2,0,fernlets.tumblr.com,,0,0,0,0,0,0
0,0,24,0,femmefareeha.tumblr.com,,0,0,0,0,0,0
0,0,1,0,orekagodis.com,,0,0,0,0,0,0
0,0,60,0,feeds.feedburner.com,,0,0,0,0,0,0
0,0,2,0,feedly.com,,0,0,0,0,0,0
0,0,1,0,feedbin.com,,0,0,0,0,0,0
0,0,5,0,profporn.co,,0,0,0,0,0,0
0,0,1,0,thesedays.news,,0,0,0,0,0,0
0,0,11,0,queer.pl,,0,0,0,0,0,0
0,0,2,0,prod5.agileticketing.net,,0,0,0,0,0,0
0,0,13,0,quirktastic.co,,0,0,0,0,0,0
0,0,6,0,rafaelferreira.eadplataforma.com,,0,0,0,0,0,0
0,0,7,0,eugene-park.squarespace.com,,0,0,0,0,0,0
0,0,4,0,shaitsan.tumblr.com,,0,0,0,0,0,0
0,0,1,0,es.wordpress.com,,0,0,0,0,0,0
0,0,2,0,erinturney.com,,0,0,0,0,0,0
0,0,5,0,reclaimingasia.tumblr.com,,0,0,0,0,0,0
0,0,5,0,serialowa.pl,,0,0,0,0,0,0
0,0,1,0,redacaodecampeao.com.br,,0,0,0,0,0,0
0,0,3,0,serienjunkies.de,,0,0,0,0,0,0
0,0,57,0,thedeependreview.wordpress.com,,0,0,0,0,0,0
0,0,1,0,web-crap.com,,0,0,0,0,0,0
0,0,1,0,embedded.dreamwidth.net,,0,0,0,0,0,0
0,0,2,0,wundersearch.net,,0,0,0,0,0,0
0,0,39,0,spectrumsouth.com,,0,0,0,0,0,0
0,0,4,0,youresotalented.tumblr.com,,0,0,0,0,0,0
0,0,5,0,www-lezbelib-com.cdn.ampproject.org,,0,0,0,0,0,0
0,0,1,0,www-bustle-com.cdn.ampproject.org,,0,0,0,0,0,0
0,0,3,0,rightmold.tumblr.com,,0,0,0,0,0,0
0,0,1,0,seriemaniacos.tv,,0,0,0,0,0,0
0,0,1,0,webcamgirls1.com,,0,0,0,0,0,0
0,0,6,0,superselected.com,,0,0,0,0,0,0
0,0,2,0,wildhunt.org,,0,0,0,0,0,0
0,0,90,0,roundtheworldmagazine.com,,0,0,0,0,0,0
0,0,1,0,vinwitwicky.tumblr.com,,0,0,0,0,0,0
0,0,7,0,staffmeup.com,,0,0,0,0,0,0
0,0,1,0,thefart-party.tumblr.com,,0,0,0,0,0,0
0,0,1,0,seriepolis-com.cdn.ampproject.org,,0,0,0,0,0,0
0,0,2,0,editorial.out.com,,0,0,0,0,0,0
0,0,14,0,themarysue.com,,0,0,0,0,0,0
0,0,4,0,whohaha.com,,0,0,0,0,0,0
0,0,1,0,thecrowdfundingcenter.com,,0,0,0,0,0,0
0,0,6,0,stolabo-tokyo.com,,0,0,0,0,0,0
0,0,4,0,sultry-s.tumblr.com,,0,0,0,0,0,0
0,0,4,0,stereotypical-bitch.tumblr.com,,0,0,0,0,0,0
0,0,3,0,wookbox.com,,0,0,0,0,0,0
0,0,1,0,taggmagazine.com,,0,0,0,0,0,0
0,0,3,0,egocitymgz.com,,0,0,0,0,0,0
0,0,1,0,screenmag.com,,0,0,0,0,0,0
0,0,1,0,samanthalee333.tumblr.com,,0,0,0,0,0,0
0,0,8,0,sapphic-art.tumblr.com,,0,0,0,0,0,0
0,0,1,0,theblackelf.tumblr.com,,0,0,0,0,0,0
0,0,1,0,therestlessintrovert.tumblr.com,,0,0,0,0,0,0
0,0,4,0,roykinsey.com,,0,0,0,0,0,0
0,0,2,0,sectionii.com,,0,0,0,0,0,0
0,0,1,0,secure.wmagazine.com,,0,0,0,0,0,0
0,0,1,0,scanregister.com,,0,0,0,0,0,0
0,0,10,0,seminariodefilosofia.org,,0,0,0,0,0,0
0,0,1,0,trader-nomaden.de,,0,0,0,0,0,0
0,0,1,0,christinecoleau.com,,0,0,0,0,0,0
0,0,1,0,www-autostraddle-com.cdn.ampproject.org,,0,0,0,0,0,0
0,0,5,0,dragqueens.mypussy.asia,,0,0,0,0,0,0
0,0,18,0,chicagoist.com,,0,0,0,0,0,0
0,0,7,0,projgirlspire.com,,0,0,0,0,0,0
0,0,3,0,chez-rosita.com,,0,0,0,0,0,0
0,0,12,0,shinenglo.tumblr.com,,0,0,0,0,0,0
0,0,12,0,papermag.com,,0,0,0,0,0,0
0,0,1,0,otto.tumblr.com,,0,0,0,0,0,0
0,0,1,0,ub-loadbalancer-ipv6-38478097.us-east-1.elb.amazonaws.com,,0,0,0,0,0,0
0,0,2,0,fastcocreate.com,,0,0,0,0,0,0
0,0,1,0,buff.ly,,0,0,0,0,0,0
0,0,6,0,essence.com,,0,0,0,0,0,0
0,0,56,0,assets.txmblr.com,,0,0,0,0,0,0
0,0,1,0,en.wordpress.com,,0,0,0,0,0,0
0,0,7,0,erin-turney.squarespace.com,,0,0,0,0,0,0
0,0,19,0,emersonsj.tumblr.com,,0,0,0,0,0,0
0,0,3,0,breegant.tumblr.com,,0,0,0,0,0,0
0,0,2,0,ari-i.tumblr.com,,0,0,0,0,0,0
0,0,4,0,bolsamania.com,,0,0,0,0,0,0
0,0,2,0,boldlatina.com,,0,0,0,0,0,0
0,0,1,0,applications.filmindependent.org,,0,0,0,0,0,0
0,0,3,0,apa.nyu.edu,,0,0,0,0,0,0
0,0,36,0,blogger.com,,0,0,0,0,0,0
0,0,1,0,blog.kevingotkin.com,,0,0,0,0,0,0
0,0,66,0,blog.bellabooks.com,,0,0,0,0,0,0
0,0,18,0,blog.ajchristian.org,,0,0,0,0,0,0
0,0,1,0,blackwomensjournal.com,,0,0,0,0,0,0
0,0,5,0,blackfilm.tumblr.com,,0,0,0,0,0,0
0,0,1,0,blackberryshawty.tumblr.com,,0,0,0,0,0,0
0,0,1,0,amp.fastcompany.com,,0,0,0,0,0,0
0,0,3,0,birdsswimfishfly.tumblr.com,,0,0,0,0,0,0
0,0,9,0,amp-theguardian-com.cdn.ampproject.org,,0,0,0,0,0,0
0,0,1,0,beyondclassicallybeautiful.com,,0,0,0,0,0,0
0,0,2,0,amp-fastcompany-com.cdn.ampproject.org,,0,0,0,0,0,0
0,0,1,0,behance.net,,0,0,0,0,0,0
0,0,4,0,beautifulhabit.tumblr.com,,0,0,0,0,0,0
0,0,2,0,baabmedia.tumblr.com,,0,0,0,0,0,0
0,0,4,0,chelebelleslair.tumblr.com,,0,0,0,0,0,0
0,0,5,0,amazedmag.de,,0,0,0,0,0,0
0,0,4,0,atrl.net,,0,0,0,0,0,0
0,0,14,0,atomculture.wordpress.com,,0,0,0,0,0,0
0,0,2,0,theestablishment.co,,0,0,0,0,0,0
0,0,6,0,rashida-khanbey-942b.squarespace.com,,0,0,0,0,0,0
0,0,4,0,wp.fastcompany.com,,0,0,0,0,0,0
0,0,1,0,recreationalcuration.tumblr.com,,0,0,0,0,0,0
0,0,2,0,www-wmagazine-com.cdn.ampproject.org,,0,0,0,0,0,0
0,0,1,0,splinternews-com.cdn.ampproject.org,,0,0,0,0,0,0
0,0,8,0,vulture.com,,0,0,0,0,0,0
0,0,2,0,sreda.likebz.ru,,0,0,0,0,0,0
0,0,6,0,thelgbtupdate.com,,0,0,0,0,0,0
0,0,4,0,theclitsarealright.ch,,0,0,0,0,0,0
0,0,18,0,valentineuniversity.com,,0,0,0,0,0,0
0,0,1,0,saotome-michi.tumblr.com,,0,0,0,0,0,0
0,0,6,0,whois.domaintools.com,,0,0,0,0,0,0
0,0,2,0,urban75.net,,0,0,0,0,0,0
0,0,2,0,pfurzfart.tumblr.com,,0,0,0,0,0,0
0,0,3,0,aryka-randall-a4ox.squarespace.com,,0,0,0,0,0,0
0,0,6,0,a11y_page_service.siteimprove.com,,0,0,0,0,0,0
0,0,8,0,afterellen.com,,0,0,0,0,0,0
0,0,60,0,3arts.org,,0,0,0,0,0,0
0,0,22,0,abstonjade.squarespace.com,,0,0,0,0,0,0
0,0,1,0,1.vapor.blue,,0,0,0,0,0,0
0,0,14,0,aasia-bullock.squarespace.com,,0,0,0,0,0,0
0,0,1,0,wlwocsource.tumblr.com,,0,0,0,0,0,0
0,0,4,0,delallaled.tumblr.com,,0,0,0,0,0,0
0,0,1,0,sexgay.co,,0,0,0,0,0,0
0,0,2,0,1.object.business,,0,0,0,0,0,0
0,0,104,0,01boxer.tumblr.com,,0,0,0,0,0,0
"
",,,,,,,,,,,
