"plays","downloads","loads","finishes","likes","comments","uri","name","duration","created_time","sizes","unique_loads","mean_percent","mean_seconds","sum_seconds","total_seconds","unique_viewers"
300,0,558,23,1,0,/videos/134807299,"Open TV Presents: Nupita Obama Creates Vogua",731,2015-07-29T04:46:53+00:00,Array,0,59,413,123905,222109,0
167,0,562,51,1,0,/videos/121810540,"You're So Talented, Chapter One",341,2015-03-10T18:04:57+00:00,Array,0,74,218,36449,57236,0
137,0,497,31,1,0,/videos/129668799,"You're So Talented, Season One -- Chapter Seven",477,2015-06-03T14:13:37+00:00,Array,0,82,357,49015,64820,0
124,0,218,68,0,0,/videos/132485814,"Open TV Presents: Nupita Obama Creates Vogua Trailer",47,2015-07-02T22:30:04+00:00,Array,0,85,35,4344,5981,0
114,0,400,21,0,0,/videos/124849631,"You're So Talented, Season One -- Chapter Four",295,2015-04-13T17:46:12+00:00,Array,0,76,212,24258,33878,0
104,0,169,28,0,0,/videos/123121866,"You're So Talented, Season One -- Chapter Two",459,2015-03-24T18:39:13+00:00,Array,0,76,342,35591,47736,0
99,0,133,13,0,0,/videos/128319423,"You're So Talented, Season One -- Chapter Six",266,2015-05-19T23:04:13+00:00,Array,0,77,194,19215,26304,0
97,0,139,18,0,0,/videos/124357625,"You're So Talented, Season One -- Chapter Three",397,2015-04-07T22:23:45+00:00,Array,0,79,303,29447,38470,0
90,0,160,17,0,0,/videos/126932556,"You're So Talented, Season One -- Chapter Five",292,2015-05-05T15:32:57+00:00,Array,0,82,220,19811,26247,0
82,0,180,27,0,0,/videos/133452075,"#NupitaObama Creates Vogua Premiere: Lakeview",77,2015-07-14T14:04:01+00:00,Array,0,73,54,4430,6437,0
75,0,118,37,0,0,/videos/134346192,"#NupitaObama Creates Vogua Premiere: Wicker Park",98,2015-07-23T20:27:08+00:00,Array,0,90,85,6405,7404,0
50,0,77,30,0,0,/videos/121910493,"Teaser -- Nupita Obama Creates Vogua",55,2015-03-11T16:54:25+00:00,Array,0,79,43,2168,2782,0
45,0,70,24,0,0,/videos/126751017,"Teaser -- Futurewomen, an alternate reality series by Honey Pot Performance",47,2015-05-03T21:57:12+00:00,Array,0,87,38,1734,2221,0
38,0,79,18,0,0,/videos/134753960,"#NupitaObama Creates Vogua Premiere: Pilsen",73,2015-07-28T17:24:03+00:00,Array,0,84,58,2210,2755,0
9,0,30,1,0,0,/videos/130134667,"Introducing Open TV (beta) at TEDx Northwestern",1039,2015-06-08T19:28:36+00:00,Array,0,46,375,3381,9351,0
1,0,11,0,0,0,/videos/9768044,"FAME: Kade Style (Anniversary Cut!)",627,2010-02-26T21:33:50+00:00,Array,0,84,529,529,627,0
0,0,1,0,0,0,/videos/11565721,"MEET - Episode Two - LEE 9AM",216,2010-05-07T22:19:26+00:00,Array,0,0,0,0,0,0
0,0,4,0,0,0,/videos/25944002,"Michaela Angela Davis on Race and Fashion: ""Color is a Distraction""",230,2011-07-03T22:21:57+00:00,Array,0,0,0,0,0,0
0,0,1,0,0,0,/videos/11567668,"LEE's Video Art",214,2010-05-08T00:12:57+00:00,Array,0,0,0,0,0,0
0,0,1,0,0,0,/videos/111191333,"vogua kiam",255,2014-11-07T09:27:00+00:00,Array,0,0,0,0,0,0
0,0,6,0,0,0,/videos/28078430,"Philadelphia Voices of Pride",129,2011-08-23T21:42:52+00:00,Array,0,0,0,0,0,0
0,0,1,0,0,0,,0,0,0,0,0,0
0,0,1,0,0,0,/videos/101415411,"freestylin vogua with effects and high data rate",280,2014-07-22T15:26:23+00:00,Array,0,0,0,0,0,0
0,0,4,0,0,0,,0,0,0,0,0,0
0,0,1,0,0,0,/videos/23215153,"A Conversation with Michaela Angela Davis at the Urban Catwalk",108,2011-05-03T15:54:14+00:00,Array,0,0,0,0,0,0
0,0,31,0,0,0,/videos/16589287,"It Goes Unsaid",216,2010-11-07T17:28:53+00:00,Array,0,0,0,0,0,0
0,0,3,0,0,0,/videos/13692827,"Pay Day",1586,2010-07-28T02:28:12+00:00,Array,0,0,0,0,0,0
0,0,3,0,0,0,/videos/11588116,"Project Basho",129,2010-05-09T02:35:04+00:00,Array,0,0,0,0,0,0
0,0,3,0,0,0,/videos/11588056,"A Day at the Plant",331,2010-05-09T02:28:43+00:00,Array,0,0,0,0,0,0
0,0,3,0,0,0,/videos/11587726,"Spike Lee with Talk Radio News",119,2010-05-09T02:03:33+00:00,Array,0,0,0,0,0,0
0,0,3,0,0,0,/videos/11587706,"Military Sexual Trauma",1610,2010-05-09T02:02:01+00:00,Array,0,0,0,0,0,0
0,0,3,0,0,0,/videos/11578516,"Talk Radio News - Dennis Kucinich",381,2010-05-08T16:22:50+00:00,Array,0,0,0,0,0,0
0,0,3,0,0,0,/videos/11577839,"Senegal: Sights, Sounds and Struggles",286,2010-05-08T15:44:57+00:00,Array,0,0,0,0,0,0
0,0,3,0,0,0,/videos/11577487,"The Algebra Project",86,2010-05-08T15:21:03+00:00,Array,0,0,0,0,0,0
0,0,1,0,0,0,,0,0,0,0,0,0
0,0,1,0,0,0,/videos/11565555,"MEET - Episode One - JORDAN 9AM",235,2010-05-07T22:11:34+00:00,Array,0,0,0,0,0,0
0,0,18,0,0,0,/videos/10225370,"Artspace Underground, February 2010",376,2010-03-17T04:45:04+00:00,Array,0,0,0,0,0,0
"
",,,,,,,,,,,,,,,,
