"plays","downloads","loads","finishes","likes","comments","uri","name","duration","created_time","sizes","unique_loads","mean_percent","mean_seconds","sum_seconds","total_seconds","unique_viewers"
3246,0,7079,1186,8,0,/videos/177457277,"Two Queens in a Kitchen - Official Trailer",83,2016-08-03T19:32:34+00:00,Array,0,81,64,210905,260105,0
1437,0,2017,20,0,0,/videos/174737229,"Been T/Here -- Lessons Learned",735,2016-07-14T22:01:40+00:00,Array,0,11,47,68043,595350,0
1103,0,2808,96,1,0,/videos/154795991,"Full Out -- Episode 2",1349,2016-02-09T23:59:39+00:00,Array,0,70,917,1012166,1433987,0
1019,0,2575,138,1,0,/videos/156421353,"Full Out -- Episode 3",688,2016-02-23T15:24:23+00:00,Array,0,76,503,512916,666671,0
789,0,1544,38,1,0,/videos/143933380,"Open TV Presents: Southern for Pussy",283,2015-10-28T22:38:55+00:00,Array,0,61,130,103159,168989,0
701,0,5408,140,2,0,/videos/179704860,"#2QIK: Cqqchifruit & Darling Shear (Part One)",276,2016-08-22T03:02:25+00:00,Array,0,63,169,118663,185966,0
596,0,1353,58,2,0,/videos/152854976,"Full Out -- Episode 1",903,2016-01-24T03:25:13+00:00,Array,0,66,570,340038,511246,0
432,0,1588,163,1,0,/videos/147648438,"Full Out -- Season One Trailer",105,2015-12-02T21:48:19+00:00,Array,0,76,77,33541,43773,0
428,8,2195,187,0,0,/videos/172604203,"Brujos (2017) -- Teaser Scenes",202,2016-06-28T16:29:17+00:00,Array,0,79,149,64031,80994,0
410,0,813,63,0,0,/videos/158069617,"Full Out -- Episode 4",566,2016-03-07T19:39:45+00:00,Array,0,84,457,187481,222250,0
381,0,719,58,1,0,/videos/160115755,"Full Out -- Episode 5",1202,2016-03-23T16:14:37+00:00,Array,0,79,920,350526,440293,0
337,2,566,41,2,0,/videos/178429087,"Been T/Here: In the Knowing of Me",780,2016-08-11T05:46:14+00:00,Array,0,53,384,129480,241120,0
287,0,690,32,1,0,/videos/164959147,"Open TV Presents: Lipstick City by Shea Couleé",556,2016-05-02T05:50:23+00:00,Array,0,70,375,107863,153175,0
273,3,454,45,0,0,/videos/177571136,"Been T/Here: Art is Essential",943,2016-08-04T15:36:07+00:00,Array,0,57,497,135934,235053,0
222,1,635,55,4,0,/videos/179722291,"#2QIK: Elijah McKinnon & AJ Christian (Part One)",473,2016-08-22T07:38:34+00:00,Array,0,59,279,62034,103587,0
119,0,297,25,0,0,/videos/121810540,"You're So Talented, Chapter One",341,2015-03-10T18:04:57+00:00,Array,0,68,216,25819,37851,0
111,0,321,11,1,0,/videos/176492543,"Been T/Here -- Practicing Love",896,2016-07-27T17:44:21+00:00,Array,0,50,393,43637,86912,0
100,0,148,9,0,0,/videos/175640352,"Been T/Here -- Suddenly, It All Changed",813,2016-07-21T02:12:10+00:00,Array,0,54,373,37345,68376,0
79,0,290,15,1,0,/videos/154200807,"You're So Talented, Season Two -- Chapter One",521,2016-02-04T16:44:07+00:00,Array,0,69,343,27160,39075,0
78,2,407,10,1,0,/videos/179804458,"#2QIK: Roy Kinsey & MSMRJR (Part One)",736,2016-08-22T19:48:20+00:00,Array,0,52,393,30686,58880,0
75,1,430,20,0,0,/videos/179705167,"#2QIK: Cqqchifruit & Darling Shear (Part Two)",309,2016-08-22T03:07:25+00:00,Array,0,76,237,17835,23248,0
75,0,123,8,0,0,/videos/155827723,"You're So Talented, Season Two -- Chapter Two",668,2016-02-18T14:25:09+00:00,Array,0,64,387,29042,44820,0
70,8,145,7,0,0,/videos/177614686,"Been There: The Best Friend I Ever Had",836,2016-08-04T20:43:03+00:00,Array,0,49,401,28096,56912,0
62,0,110,2,0,0,/videos/164162980,"Bronx Cunt Tour -- Episode 5",1086,2016-04-25T21:07:23+00:00,Array,0,43,312,19371,44526,0
62,0,101,7,1,0,/videos/159158733,"You're So Talented, Season Two - Chapter Four",546,2016-03-16T02:57:07+00:00,Array,0,73,410,25429,34398,0
61,0,95,7,0,0,/videos/123121866,"You're So Talented, Season One -- Chapter Two",459,2015-03-24T18:39:13+00:00,Array,0,79,357,21813,27598,0
61,1,449,12,0,0,/videos/179705250,"#2QIK: Ricardo Gamboa &  James T. Green (Part One)",612,2016-08-22T03:08:34+00:00,Array,0,62,374,22828,36720,0
60,0,106,7,0,0,/videos/157297665,"You're So Talented, Season Two - Chapter Three",555,2016-03-01T15:34:39+00:00,Array,0,62,346,20814,33353,0
50,0,97,28,1,0,/videos/175566185,"The Basic Tea on Brujos",282,2016-07-20T15:44:38+00:00,Array,0,77,222,11132,14382,0
50,0,301,7,0,0,/videos/179706662,"#2QIK: Sam Bailey  &  Kiam Marcelo Junio (Part One)",258,2016-08-22T03:30:27+00:00,Array,0,70,175,8761,12432,0
48,0,71,6,0,0,/videos/124357625,"You're So Talented, Season One -- Chapter Three",397,2015-04-07T22:23:45+00:00,Array,0,71,289,13872,19453,0
45,0,84,10,0,0,/videos/160747140,"You're So Talented, Season Two - Chapter Five",520,2016-03-29T14:20:48+00:00,Array,0,81,422,19002,23400,0
43,0,106,10,0,0,/videos/162385131,"You're So Talented, Season Two - Chapter Six",568,2016-04-11T15:02:31+00:00,Array,0,83,463,19927,23856,0
43,1,307,11,0,0,/videos/179706932,"#2QIK: Sam Bailey  &  Kiam Marcelo Junio (Part Two)",667,2016-08-22T03:33:51+00:00,Array,0,54,360,15510,28681,0
37,0,56,4,0,0,/videos/126932556,"You're So Talented, Season One -- Chapter Five",292,2015-05-05T15:32:57+00:00,Array,0,75,213,7892,10512,0
37,0,56,2,0,0,/videos/124849631,"You're So Talented, Season One -- Chapter Four",295,2015-04-13T17:46:12+00:00,Array,0,70,207,7663,10915,0
36,0,76,9,0,0,/videos/174734258,"Been T/Here -- Riot Grrrl Heart",721,2016-07-14T21:40:54+00:00,Array,0,56,429,15460,27398,0
35,2,358,13,0,0,/videos/179804836,"#2QIK: Roy Kinsey & MSMRJR (Part Two)",667,2016-08-22T19:51:20+00:00,Array,0,76,479,16790,22018,0
33,1,184,12,0,0,/videos/143466703,"You're So Talented: Season 2 Official Trailer",119,2015-10-24T13:58:49+00:00,Array,0,69,80,2649,3808,0
32,0,55,26,0,0,/videos/145222124,"Two Queens in Kitchen - Teaser One",16,2015-11-10T02:06:53+00:00,Array,0,90,15,508,564,0
32,0,44,3,0,0,/videos/128319423,"You're So Talented, Season One -- Chapter Six",266,2015-05-19T23:04:13+00:00,Array,0,78,202,6467,8246,0
30,0,55,2,0,0,/videos/129668799,"You're So Talented, Season One -- Chapter Seven",477,2015-06-03T14:13:37+00:00,Array,0,85,392,11780,13833,0
28,0,70,5,0,0,/videos/162141163,"Bronx Cunt Tour -- Episode 1",500,2016-04-08T23:44:29+00:00,Array,0,66,250,7025,10500,0
27,1,278,9,0,0,/videos/179706411,"#2QIK: Ricardo Gamboa &  James T. Green (Part Two)",508,2016-08-22T03:27:09+00:00,Array,0,71,364,9839,13716,0
22,0,106,3,0,0,/videos/160674297,"On The Verge -- By Paige Cunningham Caldarella & Jessica King",658,2016-03-28T23:47:44+00:00,Array,0,44,277,6104,13818,0
19,0,68,1,0,0,/videos/146666127,"Open TV Presents: Let Go and Let God",1376,2015-11-23T17:13:07+00:00,Array,0,40,532,10122,24768,0
19,0,64,5,0,0,/videos/150002138,"Futurewomen: The Quest -- Episode 3",842,2015-12-25T07:13:40+00:00,Array,0,37,414,7880,21140,0
16,0,60,2,0,0,/videos/162147393,"Bronx Cunt Tour -- Episode 2",609,2016-04-09T01:28:13+00:00,Array,0,79,424,6794,8526,0
14,0,44,1,0,0,/videos/140615202,"Futurewomen, The Characters -- Episode 2",915,2015-09-28T02:11:20+00:00,Array,0,35,350,4904,13740,0
13,0,58,2,0,0,/videos/136670475,"Futurewomen, The Origins -- Episode 1",805,2015-08-18T23:17:14+00:00,Array,0,37,323,4199,11270,0
12,0,42,4,0,0,/videos/161135550,"NIC Kay's Bronx Cunt Tour -- Trailer",68,2016-04-01T03:39:53+00:00,Array,0,98,22,268,272,0
10,0,32,0,0,0,/videos/134807299,"Open TV Presents: Nupita Obama Creates Vogua",731,2015-07-29T04:46:53+00:00,Array,0,44,354,3540,8041,0
9,0,265,6,0,0,/videos/121910493,"Teaser -- Nupita Obama Creates Vogua",55,2015-03-11T16:54:25+00:00,Array,0,83,40,367,440,0
8,0,32,0,0,0,/videos/163350705,"Bronx Cunt Tour -- Episode 4",893,2016-04-19T03:12:52+00:00,Array,0,45,404,3232,7152,0
6,0,11,1,0,0,,0,46,385,2313,5022,0
5,0,15,3,0,0,/videos/160678130,"On The Verge --  Trailer -- Open TV Community",35,2016-03-29T00:34:12+00:00,Array,0,97,20,102,105,0
4,0,12,3,0,0,/videos/134753960,"#NupitaObama Creates Vogua Premiere: Pilsen",73,2015-07-28T17:24:03+00:00,Array,0,78,57,230,292,0
4,0,19,0,0,0,/videos/135381918,"Introducing Wonder of #Futurewomen",83,2015-08-04T17:50:40+00:00,Array,0,44,28,112,249,0
3,0,11,1,0,0,/videos/11577487,"The Algebra Project",86,2010-05-08T15:21:03+00:00,Array,0,72,62,188,258,0
3,0,10,2,0,0,/videos/133452075,"#NupitaObama Creates Vogua Premiere: Lakeview",77,2015-07-14T14:04:01+00:00,Array,0,98,51,154,156,0
3,0,9,0,0,0,/videos/130134667,"Introducing Open TV (beta) at TEDx Northwestern",1039,2015-06-08T19:28:36+00:00,Array,0,34,363,1089,3120,0
3,0,25,2,0,0,/videos/132485814,"Open TV Presents: Nupita Obama Creates Vogua Trailer",47,2015-07-02T22:30:04+00:00,Array,0,77,37,111,144,0
2,0,16,0,0,0,/videos/136578747,"Introducing Isis of #Futurewomen",263,2015-08-18T04:14:52+00:00,Array,0,67,178,357,526,0
2,0,29,0,0,0,/videos/23215153,"A Conversation with Michaela Angela Davis at the Urban Catwalk",108,2011-05-03T15:54:14+00:00,Array,0,92,100,200,216,0
2,0,29,1,0,0,/videos/163310995,"Bronx Cunt Tour -- Episode 3",483,2016-04-18T20:02:31+00:00,Array,0,64,470,941,1452,0
1,0,10,0,0,0,/videos/11587726,"Spike Lee with Talk Radio News",119,2010-05-09T02:03:33+00:00,Array,0,0,0,0,0,0
1,0,10,0,0,0,/videos/11588116,"Project Basho",129,2010-05-09T02:35:04+00:00,Array,0,93,120,120,129,0
1,0,7,0,1,0,/videos/25944002,"Michaela Angela Davis on Race and Fashion: ""Color is a Distraction""",230,2011-07-03T22:21:57+00:00,Array,0,64,149,149,230,0
1,0,7,1,0,0,/videos/134346192,"#NupitaObama Creates Vogua Premiere: Wicker Park",98,2015-07-23T20:27:08+00:00,Array,0,98,97,97,98,0
1,0,18,1,0,0,/videos/136579050,"Introducing Peppa of #Futurewomen",187,2015-08-18T04:21:15+00:00,Array,0,99,187,187,188,0
1,0,11,0,0,0,/videos/126751017,"Teaser -- Futurewomen, an alternate reality series by Honey Pot Performance",47,2015-05-03T21:57:12+00:00,Array,0,16,8,8,48,0
1,0,15,0,0,0,/videos/136577953,"Introducing Althea of #Futurewomen",107,2015-08-18T03:58:39+00:00,Array,0,83,90,90,108,0
1,0,17,0,0,0,/videos/149806393,"Introducing the Chicago Home Theater Festival 2015",626,2015-12-22T21:16:50+00:00,Array,0,45,570,570,1253,0
0,0,10,0,0,0,/videos/11578516,"Talk Radio News - Dennis Kucinich",381,2010-05-08T16:22:50+00:00,Array,0,0,0,0,0,0
0,0,3,0,0,0,,0,0,0,0,0,0
0,0,14,0,0,0,/videos/28078430,"Philadelphia Voices of Pride",129,2011-08-23T21:42:52+00:00,Array,0,0,0,0,0,0
0,0,1,0,0,0,/videos/25948268,"Michaela Angela Davis and The Urban Catwalk: Style, Race and Counterculture",1761,2011-07-04T01:16:20+00:00,Array,0,0,0,0,0,0
0,0,1,0,0,0,,0,0,0,0,0,0
0,0,10,0,0,0,/videos/11587706,"Military Sexual Trauma",1610,2010-05-09T02:02:01+00:00,Array,0,0,0,0,0,0
0,0,4,0,0,0,/videos/16589287,"It Goes Unsaid",216,2010-11-07T17:28:53+00:00,Array,0,0,0,0,0,0
0,0,10,0,0,0,/videos/13692827,"Pay Day",1586,2010-07-28T02:28:12+00:00,Array,0,0,0,0,0,0
0,0,10,0,0,0,/videos/11577839,"Senegal: Sights, Sounds and Struggles",286,2010-05-08T15:44:57+00:00,Array,0,0,0,0,0,0
0,0,10,0,0,0,/videos/11588056,"A Day at the Plant",331,2010-05-09T02:28:43+00:00,Array,0,0,0,0,0,0
0,0,3,0,0,0,,0,0,0,0,0,0
0,0,11,0,0,0,/videos/160749794,"/Shift/ -- A Fundraiser for Honey Pot Performance",263,2016-03-29T14:37:47+00:00,Array,0,0,0,0,0,0
0,0,3,0,0,0,,0,0,0,0,0,0
0,0,4,0,0,0,/videos/9768044,"FAME: Kade Style (Anniversary Cut!)",627,2010-02-26T21:33:50+00:00,Array,0,0,0,0,0,0
0,0,9,0,0,0,/videos/10225370,"Artspace Underground, February 2010",376,2010-03-17T04:45:04+00:00,Array,0,0,0,0,0,0
"
",,,,,,,,,,,,,,,,
