"plays","downloads","loads","finishes","domain","path","unique_loads","mean_percent","mean_seconds","sum_seconds","total_seconds","unique_viewers"
26715,0,57013,6913,remezcla.com,,0,83,114,3071100,3682717,0
7252,0,12547,1596,vimeo.com,,0,61,167,1215707,1990491,0
1852,0,2026,289,browngirlswebseries.com,,0,62,64,118921,191557,0
936,0,976,329,facebook.com,,0,54,136,128128,235251,0
927,0,1175,143,weareopen.tv,,0,48,552,512359,1065318,0
780,23,6631,86,unknown,,0,65,147,115183,174806,0
780,0,15927,183,safe.txmblr.com,,0,65,91,71084,108515,0
469,0,495,67,youresotalented.net,,0,77,309,145325,187219,0
421,0,4739,126,heyfranhey.com,,0,76,102,43283,56941,0
401,0,4985,136,browngirlswebseries.tumblr.com,,0,79,105,42277,53226,0
351,0,949,87,superselected.com,,0,79,109,38353,47995,0
248,0,800,89,vibe.com,,0,82,110,27490,33370,0
237,0,3493,23,vice.com,,0,55,447,106161,192356,0
196,0,446,39,lesbian-interest.com,,0,73,85,16824,22818,0
95,0,164,12,lesbianmedia.tv,,0,78,571,54298,68927,0
91,0,833,18,wearyourvoicemag.com,,0,76,102,9284,12127,0
87,0,743,8,kingisafink.com,,0,79,654,56900,71978,0
83,0,371,21,girltalkhq.com,,0,65,86,7213,11076,0
82,0,853,33,autostraddle.com,,0,83,111,9163,10934,0
69,0,238,11,cdn.ampproject.org,,0,78,102,7061,8946,0
61,0,228,7,zackarydrucker.com,,0,79,215,13141,16472,0
59,0,183,23,curvemag.com,,0,84,81,4812,5724,0
53,0,861,9,onemorelesbian.com,,0,77,532,28231,36287,0
50,0,260,3,sheacoulee.com,,0,67,369,18461,27293,0
44,0,112,9,pastemagazine.com,,0,77,109,4828,6248,0
41,0,67,7,twitter.com,,0,44,68,2804,6286,0
39,0,222,11,indiegogo.com,,0,58,146,5698,9734,0
36,0,232,17,latina.com,,0,82,153,5515,6699,0
27,0,725,9,gofundme.com,,0,76,108,2918,3834,0
25,0,30,1,bing.com,,0,71,323,8092,11373,0
22,0,62,6,gozamos.com,,0,83,102,2254,2698,0
18,0,207,9,skindeepmag.com,,0,67,84,1523,2272,0
17,0,109,4,jetmag.com,,0,78,92,1567,1988,0
14,0,56,1,cdn.embedly.com,,0,58,246,3453,5862,0
11,0,16,0,yahoo.com,,0,62,245,2701,4311,0
11,0,98,3,sonideni.tumblr.com,,0,61,88,968,1562,0
10,0,49,2,kitschmix.com,,0,70,137,1370,1933,0
10,0,73,0,out.com,,0,52,84,840,1612,0
9,0,9,1,yastatic.net,,0,73,210,1890,2556,0
9,0,112,2,afro-elf.tumblr.com,,0,85,121,1091,1278,0
8,0,9,0,kimberlymichellevaughn.com,,0,35,223,1787,4983,0
8,0,10,0,vk.com,,0,55,295,2365,4247,0
8,0,54,0,aletral.com.br,,0,85,669,5357,6286,0
7,0,48,0,theestablishment.co,,0,44,126,884,1987,0
7,0,410,0,mdrnmstry.tumblr.com,,0,55,311,2183,3899,0
7,0,121,1,philiplucas.tumblr.com,,0,68,97,683,994,0
7,0,20,3,taggmagazine.com,,0,75,80,562,742,0
6,0,99,1,theclitsarealright.ch,,0,58,82,497,852,0
6,0,106,1,mspurple23.tumblr.com,,0,64,76,460,710,0
6,0,10,3,offtharecord.com,,0,97,137,827,852,0
6,0,23,3,seriesporelas.com.br,,0,76,90,543,710,0
5,0,71,1,thenerdconvocation.com,,0,70,99,498,710,0
5,0,26,1,tubefilter.com,,0,61,172,862,1410,0
5,0,45,2,tvisual.org,,0,31,116,581,1845,0
5,0,444,1,feedly.com,,0,24,107,537,2232,0
5,0,52,0,grizzlykiki.com,,0,67,377,1887,2785,0
5,0,176,0,saotome-michi.tumblr.com,,0,62,53,265,426,0
5,0,50,2,shaloved30.tumblr.com,,0,90,128,641,710,0
5,0,40,1,justanothergirl.org,,0,29,83,418,1419,0
5,0,13,1,startrek.com,,0,93,59,296,318,0
5,0,45,1,absentlyabbie.tumblr.com,,0,58,83,415,710,0
5,0,20,1,tendernessandtiaras.tumblr.com,,0,88,252,1260,1420,0
4,0,76,3,acceber74.tumblr.com,,0,80,114,456,568,0
4,0,96,1,thoughtcatalog.com,,0,76,31,127,165,0
4,0,20,1,directedbywongkarwai.tumblr.com,,0,51,73,292,568,0
4,0,81,2,vix.com,,0,79,85,340,426,0
4,0,26,0,buzzfeed.com,,0,52,75,301,568,0
4,0,11,1,okayplayer.com,,0,92,131,525,568,0
4,0,8,2,getpocket.com,,0,74,105,422,568,0
4,0,36,0,girlmobbin.tumblr.com,,0,50,71,285,568,0
4,0,77,2,christel-thoughts.tumblr.com,,0,82,117,470,568,0
4,0,275,1,reclaimingasia.tumblr.com,,0,60,85,343,568,0
4,0,28,1,s4karuna.tumblr.com,,0,80,114,457,568,0
4,0,85,1,becheven.tumblr.com,,0,67,95,381,568,0
4,0,65,2,sarcasticfina.tumblr.com,,0,73,105,420,568,0
4,0,54,1,khadijahwhite.com,,0,12,66,264,2183,0
3,0,16,0,thedreamwalagift.tumblr.com,,0,45,43,130,284,0
3,0,3,0,m.blog.naver.com,,0,73,272,818,1114,0
3,0,4,0,yandex.ru,,0,58,166,499,852,0
3,0,14,1,bronzekat.tumblr.com,,0,68,97,291,426,0
3,0,46,1,nbalec.tumblr.com,,0,90,86,258,284,0
3,0,6,1,averagewhiteshark.tumblr.com,,0,93,132,398,426,0
3,0,178,1,ayqaart.tumblr.com,,0,73,104,313,426,0
3,0,11,1,poc-creators.tumblr.com,,0,43,61,184,426,0
3,0,138,1,hdrthdrt.tumblr.com,,0,63,90,270,426,0
3,0,20,0,beharyongurira.tumblr.com,,0,72,69,207,284,0
3,0,33,2,colorful-femmes.tumblr.com,,0,79,112,337,426,0
3,0,152,0,intersectionalfeminism101.tumblr.com,,0,73,69,209,284,0
3,0,4,0,jessicakadish.com,,0,52,181,545,1042,0
2,0,46,1,dangercupcakemurdericing.tumblr.com,,0,70,99,199,284,0
2,0,31,1,theoldreader.com,,0,93,133,266,284,0
2,0,15,0,toddalquist.tumblr.com,,0,12,18,36,284,0
2,0,13,0,ladywaste.com,,0,63,89,179,284,0
2,0,3,0,lezbelib.com,,0,75,80,161,212,0
2,0,57,2,violetsandflannels.tumblr.com,,0,99,141,282,284,0
2,0,3,1,liztoonkel.com,,0,80,228,457,568,0
2,0,41,1,eazzy--pink.tumblr.com,,0,97,138,277,284,0
2,0,20,1,yunnanmom.tumblr.com,,0,95,135,270,284,0
2,0,12,1,blogs.colum.edu,,0,96,109,219,226,0
2,0,6,0,nnekbone.tumblr.com,,0,29,41,83,284,0
2,0,33,0,avclub.com,,0,42,223,446,1042,0
2,0,20,0,osunism.tumblr.com,,0,92,65,131,142,0
2,0,18,0,charakid.tumblr.com,,0,11,17,34,284,0
2,0,31,0,rashidak.com,,0,98,1354,2709,2752,0
2,0,164,1,revenido.tumblr.com,,0,98,140,281,284,0
2,0,27,2,sapphicwocsource.tumblr.com,,0,99,141,282,284,0
2,0,55,0,sleepynegress.tumblr.com,,0,38,55,110,284,0
2,0,2,0,yandex.com.tr,,0,41,118,237,568,0
1,0,9,1,kiam-marcelo-junio.com,,0,97,47,47,48,0
1,0,3,0,thecutestcactus.tumblr.com,,0,49,70,70,142,0
1,0,19,0,danpolyak.com,,0,17,98,98,557,0
1,0,52,0,daytimedisco.tumblr.com,,0,16,24,24,142,0
1,0,14,0,laalishq.tumblr.com,,0,5,8,8,142,0
1,0,10,0,datereliz.com,,0,0,0,0,0,0
1,0,5,0,tiredassperra.tumblr.com,,0,78,111,111,142,0
1,0,22,0,legendofpooja.tumblr.com,,0,78,112,112,142,0
1,0,2,0,tumbex.com,,0,4,7,7,142,0
1,0,18,1,www.tumblr.com,,0,99,141,141,142,0
1,0,28,0,lesbianlightwood.tumblr.com,,0,39,56,56,142,0
1,0,2,0,vaginatrainer.tumblr.com,,0,49,278,278,557,0
1,0,4,0,app.groupme.com,,0,56,80,80,142,0
1,0,4,1,venekira.tumblr.com,,0,99,141,141,142,0
1,0,1,0,suche.t-online.de,,0,26,75,75,284,0
1,0,1,0,doyouwanttobesaved.tumblr.com,,0,91,130,130,142,0
1,0,8,0,easyoak.tumblr.com,,0,98,140,140,142,0
1,0,66,0,web.groupme.com,,0,84,120,120,142,0
1,0,5,1,arbors.tumblr.com,,0,99,141,141,142,0
1,0,64,0,loquehemosperdido.tumblr.com,,0,98,140,140,142,0
1,0,8,0,wlwelphaba.tumblr.com,,0,32,46,46,142,0
1,0,12,0,ellesgirls.skyrock.com,,0,10,61,61,567,0
1,0,18,0,blipsterinsverige.tumblr.com,,0,93,133,133,142,0
1,0,14,1,madmaudlingoes.tumblr.com,,0,99,141,141,142,0
1,0,2,0,ari-i.tumblr.com,,0,0,0,0,142,0
1,0,7,0,theknittingfactory.tumblr.com,,0,3,5,5,142,0
1,0,18,1,mightyweak.tumblr.com,,0,99,141,141,142,0
1,0,58,0,fastcocreate.com,,0,57,82,82,142,0
1,0,22,0,feedreader.com,,0,0,2,2,903,0
1,0,1,0,filmfreeway.com,,0,92,750,750,814,0
1,0,4,0,news.northwestern.edu,,0,6,32,32,477,0
1,0,1,0,buzzfeed-animals-hd.blogspot.com,,0,16,47,47,284,0
1,0,29,0,g-taire.tumblr.com,,0,40,57,57,142,0
1,0,8,1,not-your-cute-little-asian-girl.tumblr.com,,0,99,141,141,142,0
1,0,1,0,notaftermaghrib.tumblr.com,,0,39,56,56,142,0
1,0,10,0,offcenterchicago.wixsite.com,,0,81,536,536,658,0
1,0,4,0,gawker.com,,0,69,436,436,626,0
1,0,10,0,gaygechristopher.tumblr.com,,0,92,514,514,557,0
1,0,2,0,capitaldelrey.tumblr.com,,0,11,17,17,142,0
1,0,16,1,oracuyc.tumblr.com,,0,99,141,141,142,0
1,0,12,0,simering.tumblr.com,,0,98,140,140,142,0
1,0,1,0,giphy.com,,0,42,60,60,142,0
1,0,18,0,otto.tumblr.com,,0,0,0,0,0,0
1,0,15,0,abbiehollowdays.tumblr.com,,0,29,42,42,142,0
1,0,2,1,phenomenelle.de,,0,99,105,105,106,0
1,0,2,0,planet-nation.com,,0,0,1,1,106,0
1,0,60,0,babefield.tumblr.com,,0,40,58,58,142,0
1,0,2,0,chicagoreader.com,,0,89,654,654,731,0
1,0,9,0,habaryar.tumblr.com,,0,0,0,0,0,0
1,0,7,1,afrocentric-divination.tumblr.com,,0,99,141,141,142,0
1,0,100,0,queer-all-year.tumblr.com,,0,90,129,129,142,0
1,0,1,1,halfdesiqueen.tumblr.com,,0,99,141,141,142,0
1,0,1,1,redeyechicago.com,,0,99,258,258,259,0
1,0,100,0,remezclab.tumblr.com,,0,79,113,113,142,0
1,0,4,0,rightmold.tumblr.com,,0,8,23,23,284,0
1,0,1,0,behance.net,,0,92,314,314,341,0
1,0,6,0,honeypotperformance.com,,0,45,366,366,805,0
1,0,30,0,hunterinabrowncoat.tumblr.com,,0,78,112,112,142,0
1,0,8,0,zcr-el.tumblr.com,,0,58,83,83,142,0
1,0,1,1,search.aol.com,,0,99,1348,1348,1349,0
1,0,20,0,seriouslynatural.tumblr.com,,0,2,4,4,142,0
1,0,27,0,khaleesikhardashian.tumblr.com,,0,20,41,41,203,0
1,0,4,0,indigo-cchild.tumblr.com,,0,3,5,5,142,0
1,0,2,0,cornerstorepress.tumblr.com,,0,4,7,7,142,0
1,0,26,0,bellraven.tumblr.com,,0,25,36,36,142,0
1,0,44,1,covealpa.com,,0,99,141,141,142,0
1,0,100,0,crayonboxhearts.tumblr.com,,0,92,131,131,142,0
1,0,3,0,criesincurry.tumblr.com,,0,0,0,0,0,0
1,0,3,1,bestsellermagazine.com,,0,99,902,902,903,0
1,0,15,0,sugarmacaron.tumblr.com,,0,90,129,129,142,0
1,0,15,0,sunlightdante.tumblr.com,,0,42,60,60,142,0
1,0,7,0,teni-o.tumblr.com,,0,18,26,26,142,0
0,0,2,0,khareem01.tumblr.com,,0,0,0,0,0,0
0,0,20,0,unown.tumblr.com,,0,0,0,0,0,0
0,0,2,0,taniachristopher.tumblr.com,,0,0,0,0,0,0
0,0,7,0,soundslikebridgetraffic.tumblr.com,,0,0,0,0,0,0
0,0,22,0,russianspacegeckosexparty.tumblr.com,,0,0,0,0,0,0
0,0,4,0,senoritalimbo.tumblr.com,,0,0,0,0,0,0
0,0,5,0,ruby2475.tumblr.com,,0,0,0,0,0,0
0,0,2,0,rss.superchausette.fr,,0,0,0,0,0,0
0,0,2,0,roykinsey.com,,0,0,0,0,0,0
0,0,3,0,thorandironman.tumblr.com,,0,0,0,0,0,0
0,0,1,0,roarofalannister.tumblr.com,,0,0,0,0,0,0
0,0,7,0,rinielle.tumblr.com,,0,0,0,0,0,0
0,0,1,0,theblackestberry.tumblr.com,,0,0,0,0,0,0
0,0,3,0,tragically-quiet-on-social-media.tumblr.com,,0,0,0,0,0,0
0,0,4,0,lediablealinterieur.tumblr.com,,0,0,0,0,0,0
0,0,1,0,maddylonglegs.tumblr.com,,0,0,0,0,0,0
0,0,3,0,reinasansaa.tumblr.com,,0,0,0,0,0,0
0,0,16,0,severalcrows.tumblr.com,,0,0,0,0,0,0
0,0,3,0,yixingsjjaan.tumblr.com,,0,0,0,0,0,0
0,0,1,0,alwaysatrombonist.tumblr.com,,0,0,0,0,0,0
0,0,1,0,rebostil.tumblr.com,,0,0,0,0,0,0
0,0,2,0,theangelicamarie.com,,0,0,0,0,0,0
0,0,6,0,reader.aol.com,,0,0,0,0,0,0
0,0,1,0,reader.aol.ca,,0,0,0,0,0,0
0,0,131,0,christinecoleau.com,,0,0,0,0,0,0
0,0,44,0,wildhunt.org,,0,0,0,0,0,0
0,0,2,0,quirkybrownlove.com,,0,0,0,0,0,0
0,0,1,0,quirkybrownlove.blogspot.com,,0,0,0,0,0,0
0,0,2,0,shamelesselvis.tumblr.com,,0,0,0,0,0,0
0,0,5,0,victoriavandal.tumblr.com,,0,0,0,0,0,0
0,0,5,0,pussy-privilege.tumblr.com,,0,0,0,0,0,0
0,0,3,0,psychedelicquinceanera.tumblr.com,,0,0,0,0,0,0
0,0,5,0,prod5.agileticketing.net,,0,0,0,0,0,0
0,0,3,0,shantelfelice.tumblr.com,,0,0,0,0,0,0
0,0,6,0,princes-heels.tumblr.com,,0,0,0,0,0,0
0,0,1,0,princebaethemagnificent.tumblr.com,,0,0,0,0,0,0
0,0,60,0,ppwebseries.com,,0,0,0,0,0,0
0,0,1,0,theworstparisian.tumblr.com,,0,0,0,0,0,0
0,0,10,0,pompomearrings.tumblr.com,,0,0,0,0,0,0
0,0,2,0,polbear.tumblr.com,,0,0,0,0,0,0
0,0,10,0,blackbarbaragordon.tumblr.com,,0,0,0,0,0,0
0,0,1,0,shackleboltrps.tumblr.com,,0,0,0,0,0,0
0,0,5,0,warriorofloveandjustice.tumblr.com,,0,0,0,0,0,0
0,0,1,0,pkgm.tumblr.com,,0,0,0,0,0,0
0,0,1,0,whistlerchicago.com,,0,0,0,0,0,0
0,0,3,0,sheabutterlove.tumblr.com,,0,0,0,0,0,0
0,0,3,0,shreya360.tumblr.com,,0,0,0,0,0,0
0,0,8,0,percivals-graves.tumblr.com,,0,0,0,0,0,0
0,0,1,0,www.babefield.tumblr.com,,0,0,0,0,0,0
0,0,2,0,welcometodeathvale.tumblr.com,,0,0,0,0,0,0
0,0,1,0,owncloud.mauriciogardini.com,,0,0,0,0,0,0
0,0,3,0,weepingbouquettyphoon.tumblr.com,,0,0,0,0,0,0
0,0,6,0,urbansocialight.tumblr.com,,0,0,0,0,0,0
0,0,3,0,thatshowthefuckyousound.tumblr.com,,0,0,0,0,0,0
0,0,2,0,tumblrho.tumblr.com,,0,0,0,0,0,0
0,0,5,0,oshunana.tumblr.com,,0,0,0,0,0,0
0,0,15,0,trapqueenkoopa.tumblr.com,,0,0,0,0,0,0
0,0,1,0,scroll-reblog-me.tumblr.com,,0,0,0,0,0,0
0,0,1,0,orgy-porgy-pudding-pie.tumblr.com,,0,0,0,0,0,0
0,0,1,0,castoutqueen.tumblr.com,,0,0,0,0,0,0
0,0,35,0,opisthia.tumblr.com,,0,0,0,0,0,0
0,0,1,0,sineceraa.tumblr.com,,0,0,0,0,0,0
0,0,7,0,open-tv.squarespace.com,,0,0,0,0,0,0
0,0,3,0,www-bkstg.vice.com,,0,0,0,0,0,0
0,0,2,0,onedayiwontrun.tumblr.com,,0,0,0,0,0,0
0,0,5,0,sinequanonsalons.com,,0,0,0,0,0,0
0,0,5,0,m.chicagoreader.com,,0,0,0,0,0,0
0,0,3,0,ohmyfangirlfeels.tumblr.com,,0,0,0,0,0,0
0,0,2,0,ohmybonnyfire.tumblr.com,,0,0,0,0,0,0
0,0,6,0,sithlukeskywalker.com,,0,0,0,0,0,0
0,0,4,0,tinyfilipina.tumblr.com,,0,0,0,0,0,0
0,0,16,0,twilightzoning.tumblr.com,,0,0,0,0,0,0
0,0,9,0,oceandyke.tumblr.com,,0,0,0,0,0,0
0,0,2,0,simplythequeerking.tumblr.com,,0,0,0,0,0,0
0,0,17,0,occupydope.squarespace.com,,0,0,0,0,0,0
0,0,37,0,occupydope.com,,0,0,0,0,0,0
0,0,1,0,notbrianna.tumblr.com,,0,0,0,0,0,0
0,0,52,0,thingsilovelovelove.tumblr.com,,0,0,0,0,0,0
0,0,2,0,thirdbasekiller.tumblr.com,,0,0,0,0,0,0
0,0,1,0,not-rightmeow.tumblr.com,,0,0,0,0,0,0
0,0,2,0,nope.tumblr.com,,0,0,0,0,0,0
0,0,2,0,skycru.tumblr.com,,0,0,0,0,0,0
0,0,6,0,bryaxxa.tumblr.com,,0,0,0,0,0,0
0,0,47,0,nightfallgoddess.tumblr.com,,0,0,0,0,0,0
0,0,1,0,neyjan.tumblr.com,,0,0,0,0,0,0
0,0,2,0,xpr3ss10n1st.tumblr.com,,0,0,0,0,0,0
0,0,1,0,newscentral.exsees.com,,0,0,0,0,0,0
0,0,144,0,newsblur.com,,0,0,0,0,0,0
0,0,1,0,browngurlwfro.tumblr.com,,0,0,0,0,0,0
0,0,1,0,wordisbondthedoc.tumblr.com,,0,0,0,0,0,0
0,0,1,0,neworleansfilmfestival.org,,0,0,0,0,0,0
0,0,1,0,new-slaves.squarespace.com,,0,0,0,0,0,0
0,0,5,0,netvibes.com,,0,0,0,0,0,0
0,0,44,0,youresotalented.tumblr.com,,0,0,0,0,0,0
0,0,11,0,nettvnow.com,,0,0,0,0,0,0
0,0,4,0,neonlalondes.tumblr.com,,0,0,0,0,0,0
0,0,2,0,lekrzy.tumblr.com,,0,0,0,0,0,0
0,0,3,0,whatsthatcat.tumblr.com,,0,0,0,0,0,0
0,0,1,0,nayiad.tumblr.com,,0,0,0,0,0,0
0,0,2,0,natalinicole.com,,0,0,0,0,0,0
0,0,5,0,mynameisgibberish.tumblr.com,,0,0,0,0,0,0
0,0,1,0,lovelorn78.tumblr.com,,0,0,0,0,0,0
0,0,7,0,mylilefeluke.blogspot.com,,0,0,0,0,0,0
0,0,4,0,mylilefeluke.blogspot.ch,,0,0,0,0,0,0
0,0,1,0,mydiaspora.tumblr.com,,0,0,0,0,0,0
0,0,9,0,solairemulunda.tumblr.com,,0,0,0,0,0,0
0,0,23,0,my.sweettits.net,,0,0,0,0,0,0
0,0,1,0,muy-lnda.tumblr.com,,0,0,0,0,0,0
0,0,1,0,muvoudaway.tumblr.com,,0,0,0,0,0,0
0,0,2,0,visionarytrek.com,,0,0,0,0,0,0
0,0,5,0,majortvjunkie.tumblr.com,,0,0,0,0,0,0
0,0,1,0,mrenay.tumblr.com,,0,0,0,0,0,0
0,0,2,0,mostpopulartagsthisyear.com,,0,0,0,0,0,0
0,0,10,0,unconforming.tumblr.com,,0,0,0,0,0,0
0,0,1,0,mochababe.tumblr.com,,0,0,0,0,0,0
0,0,1,0,mljw.tumblr.com,,0,0,0,0,0,0
0,0,14,0,mixtlatina.tumblr.com,,0,0,0,0,0,0
0,0,1,0,missbsworld.tumblr.com,,0,0,0,0,0,0
0,0,3,0,missbeautifulsspot.tumblr.com,,0,0,0,0,0,0
0,0,1,0,min-dan.tumblr.com,,0,0,0,0,0,0
0,0,3,0,blushingvirgo.tumblr.com,,0,0,0,0,0,0
0,0,4,0,shruggie.tumblr.com,,0,0,0,0,0,0
0,0,1,0,mermaid-on-land.tumblr.com,,0,0,0,0,0,0
0,0,2,0,meltingcopper.tumblr.com,,0,0,0,0,0,0
0,0,1,0,media.licdn.com,,0,0,0,0,0,0
0,0,1,0,me-a-manghoe.tumblr.com,,0,0,0,0,0,0
0,0,1,0,staging-www-bkstg.viceops.net,,0,0,0,0,0,0
0,0,7,0,mbrl.tumblr.com,,0,0,0,0,0,0
0,0,4,0,maurawrites.tumblr.com,,0,0,0,0,0,0
0,0,1,0,spazzyourworld.tumblr.com,,0,0,0,0,0,0
0,0,5,0,marvelous-insanity.tumblr.com,,0,0,0,0,0,0
0,0,1,0,mapodoufu.tumblr.com,,0,0,0,0,0,0
0,0,5,0,mangostans.tumblr.com,,0,0,0,0,0,0
0,0,22,0,manage.vice.com,,0,0,0,0,0,0
0,0,1,0,blissfullycracked.tumblr.com,,0,0,0,0,0,0
0,0,17,0,washboard.ws,,0,0,0,0,0,0
0,0,2,0,www.mdrnmstry.tumblr.com,,0,0,0,0,0,0
0,0,2,0,sparkle4desenuts.tumblr.com,,0,0,0,0,0,0
0,0,10,0,xpath.cmnow.cmcm.com,,0,0,0,0,0,0
0,0,5,0,totalecllpse.tumblr.com,,0,0,0,0,0,0
0,0,1,0,starswontshow.tumblr.com,,0,0,0,0,0,0
0,0,72,0,starrosy.tumblr.com,,0,0,0,0,0,0
0,0,2,0,lukkhreung.tumblr.com,,0,0,0,0,0,0
0,0,47,0,lukeblog.blox.pl,,0,0,0,0,0,0
0,0,2,0,blaquestbird.tumblr.com,,0,0,0,0,0,0
0,0,1,0,startorrent02.tumblr.com,,0,0,0,0,0,0
0,0,2,0,stellanoble.tumblr.com,,0,0,0,0,0,0
0,0,1,0,lookingfornoone.tumblr.com,,0,0,0,0,0,0
0,0,1,0,stephwrites.tumblr.com,,0,0,0,0,0,0
0,0,6,0,urbannomad37.tumblr.com,,0,0,0,0,0,0
0,0,3,0,whatelseisoutthereforme.tumblr.com,,0,0,0,0,0,0
0,0,4,0,lightninginmyeyes.tumblr.com,,0,0,0,0,0,0
0,0,2,0,lickingtheenvelope.tumblr.com,,0,0,0,0,0,0
0,0,2,0,zhurenaissance.tumblr.com,,0,0,0,0,0,0
0,0,9,0,uncannyblackness.tumblr.com,,0,0,0,0,0,0
0,0,4,0,yoobiedoobie.tumblr.com,,0,0,0,0,0,0
0,0,10,0,maadbase.tumblr.com,,0,0,0,0,0,0
0,0,1,0,d011588571.tumblr.com,,0,0,0,0,0,0
0,0,1,0,that-bi-blerd.tumblr.com,,0,0,0,0,0,0
0,0,2,0,unlearninglessons.tumblr.com,,0,0,0,0,0,0
0,0,1,0,ta.wordpress.com,,0,0,0,0,0,0
0,0,1,0,waydwnwego.tumblr.com,,0,0,0,0,0,0
0,0,3,0,lesbiancorp.tumblr.com,,0,0,0,0,0,0
0,0,2,0,lesbiancaptainamerica.tumblr.com,,0,0,0,0,0,0
0,0,1,0,blackberryshawty.tumblr.com,,0,0,0,0,0,0
0,0,3,0,daisywolf.tumblr.com,,0,0,0,0,0,0
0,0,5,0,wordpress.com,,0,0,0,0,0,0
0,0,22,0,knifedogz.tumblr.com,,0,0,0,0,0,0
0,0,5,0,letme--gogh.tumblr.com,,0,0,0,0,0,0
0,0,2,0,studgenius.tumblr.com,,0,0,0,0,0,0
0,0,2,0,thewarrant-is-all.tumblr.com,,0,0,0,0,0,0
0,0,1,0,lakako.com,,0,0,0,0,0,0
0,0,5,0,theultimategorgeousbeast.tumblr.com,,0,0,0,0,0,0
0,0,6,0,taruto.tumblr.com,,0,0,0,0,0,0
0,0,1,0,kweenchickennugget.tumblr.com,,0,0,0,0,0,0
0,0,2,0,bkplm.tumblr.com,,0,0,0,0,0,0
0,0,3,0,korny247.tumblr.com,,0,0,0,0,0,0
0,0,1,0,valentinashutup.tumblr.com,,0,0,0,0,0,0
0,0,1,0,vice.pricehotelbooking.com,,0,0,0,0,0,0
0,0,1,0,li-gong.tumblr.com,,0,0,0,0,0,0
0,0,2,0,taytertrotler.tumblr.com,,0,0,0,0,0,0
0,0,1,0,taureanho.tumblr.com,,0,0,0,0,0,0
0,0,16,0,wanttobebad.tumblr.com,,0,0,0,0,0,0
0,0,1,0,thesilkbow.tumblr.com,,0,0,0,0,0,0
0,0,1,0,leona-rosa.tumblr.com,,0,0,0,0,0,0
0,0,5,0,tg-allthingsfashion-blog.tumblr.com,,0,0,0,0,0,0
0,0,4,0,danangdaughter.tumblr.com,,0,0,0,0,0,0
0,0,3,0,keikino.tumblr.com,,0,0,0,0,0,0
0,0,3,0,keeptalkingblair.tumblr.com,,0,0,0,0,0,0
0,0,2,0,keebiekneebiez.tumblr.com,,0,0,0,0,0,0
0,0,1,0,kayybeear.tumblr.com,,0,0,0,0,0,0
0,0,1,0,kaymicbro.tumblr.com,,0,0,0,0,0,0
0,0,2,0,karlanthonisha.tumblr.com,,0,0,0,0,0,0
0,0,2,0,kamalkiddo.com,,0,0,0,0,0,0
0,0,3,0,kalachevaschool.ru,,0,0,0,0,0,0
0,0,1,0,k-michaelis.tumblr.com,,0,0,0,0,0,0
0,0,1,0,ctindie.com,,0,0,0,0,0,0
0,0,1,0,joeldsiegel.com,,0,0,0,0,0,0
0,0,1,0,jjjorian.tumblr.com,,0,0,0,0,0,0
0,0,4,0,jh-in.tumblr.com,,0,0,0,0,0,0
0,0,6,0,snowbanshees.tumblr.com,,0,0,0,0,0,0
0,0,1,0,skkerfuffle.tumblr.com,,0,0,0,0,0,0
0,0,1,0,jazn.tumblr.com,,0,0,0,0,0,0
0,0,2,0,jaypgodeep.tumblr.com,,0,0,0,0,0,0
0,0,1,0,jaydfrost.tumblr.com,,0,0,0,0,0,0
0,0,1,0,jadielismunoz.tumblr.com,,0,0,0,0,0,0
0,0,7,0,izzy-litwood.tumblr.com,,0,0,0,0,0,0
0,0,10,0,irisvwest.tumblr.com,,0,0,0,0,0,0
0,0,1,0,cosmicgazers.tumblr.com,,0,0,0,0,0,0
0,0,3,0,internationalcaballero.tumblr.com,,0,0,0,0,0,0
0,0,32,0,inoreader.com,,0,0,0,0,0,0
0,0,3,0,ineedarendezvous.tumblr.com,,0,0,0,0,0,0
0,0,3,0,commafeed.com,,0,0,0,0,0,0
0,0,2,0,collectiveintent.tumblr.com,,0,0,0,0,0,0
0,0,11,0,imperatorkhaleesi.tumblr.com,,0,0,0,0,0,0
0,0,14,0,imagenmovil.tumblr.com,,0,0,0,0,0,0
0,0,3,0,ijustkeepitmovin.tumblr.com,,0,0,0,0,0,0
0,0,2,0,i-named-my-cactus-albert.tumblr.com,,0,0,0,0,0,0
0,0,1,0,hypegirl3.tumblr.com,,0,0,0,0,0,0
0,0,2,0,cms.vice.com,,0,0,0,0,0,0
0,0,2,0,humblebee220.tumblr.com,,0,0,0,0,0,0
0,0,2,0,hs-tumblr-free.herokuapp.com,,0,0,0,0,0,0
0,0,1,0,housecleaningmusic.tumblr.com,,0,0,0,0,0,0
0,0,2,0,horrorhhead.tumblr.com,,0,0,0,0,0,0
0,0,3,0,cloama.tumblr.com,,0,0,0,0,0,0
0,0,2,0,hollandmanners.tumblr.com,,0,0,0,0,0,0
0,0,18,0,hohodaddario.tumblr.com,,0,0,0,0,0,0
0,0,3,0,hifructozecornsyrup.tumblr.com,,0,0,0,0,0,0
0,0,2,0,cinnablvnts.tumblr.com,,0,0,0,0,0,0
0,0,2,0,herfleur.tumblr.com,,0,0,0,0,0,0
0,0,1,0,chullopirate.tumblr.com,,0,0,0,0,0,0
0,0,4,0,hazarajat.tumblr.com,,0,0,0,0,0,0
0,0,6,0,hansolosbutt.tumblr.com,,0,0,0,0,0,0
0,0,4,0,hannahpalindromeemordnilaphannah.tumblr.com,,0,0,0,0,0,0
0,0,3,0,quietdreamer17.tumblr.com,,0,0,0,0,0,0
0,0,4,0,chrisdale.org,,0,0,0,0,0,0
0,0,1,0,guatemalanhoney.tumblr.com,,0,0,0,0,0,0
0,0,1,0,porkbunjuice.tumblr.com,,0,0,0,0,0,0
0,0,2,0,grammarbase.com,,0,0,0,0,0,0
0,0,11,0,poise-and-grace.tumblr.com,,0,0,0,0,0,0
0,0,15,0,google.com,,0,0,0,0,0,0
0,0,1,0,gonebywondergirls.tumblr.com,,0,0,0,0,0,0
0,0,1,0,philtippett.tumblr.com,,0,0,0,0,0,0
0,0,2,0,goddess-complex.tumblr.com,,0,0,0,0,0,0
0,0,6,0,passmethebiryani.tumblr.com,,0,0,0,0,0,0
0,0,3,0,otterlion.tumblr.com,,0,0,0,0,0,0
0,0,3,0,girlionceknew.tumblr.com,,0,0,0,0,0,0
0,0,6,0,orphanhalfblack.tumblr.com,,0,0,0,0,0,0
0,0,25,0,ororosmunroe.tumblr.com,,0,0,0,0,0,0
0,0,2,0,geodude.tumblr.com,,0,0,0,0,0,0
0,0,4,0,generalmorgana.tumblr.com,,0,0,0,0,0,0
0,0,3,0,genderpink.tumblr.com,,0,0,0,0,0,0
0,0,3,0,gaysun.tumblr.com,,0,0,0,0,0,0
0,0,2,0,cakerain.tumblr.com,,0,0,0,0,0,0
0,0,4,0,gayflirt.tumblr.com,,0,0,0,0,0,0
0,0,1,0,cachupa.tumblr.com,,0,0,0,0,0,0
0,0,20,0,gatita-chapina.tumblr.com,,0,0,0,0,0,0
0,0,2,0,gasonmyhaands.tumblr.com,,0,0,0,0,0,0
0,0,14,0,ganglia.tumblr.com,,0,0,0,0,0,0
0,0,4,0,nobodysbeti.tumblr.com,,0,0,0,0,0,0
0,0,2,0,funmazaworld.com,,0,0,0,0,0,0
0,0,4,0,fuckwhitemen.tumblr.com,,0,0,0,0,0,0
0,0,1,0,frozenmochi.tumblr.com,,0,0,0,0,0,0
0,0,1,0,frosbeforebros.tumblr.com,,0,0,0,0,0,0
0,0,1,0,freaknik2k20.tumblr.com,,0,0,0,0,0,0
0,0,3,0,fortfried.tumblr.com,,0,0,0,0,0,0
0,0,1,0,floral-ash.tumblr.com,,0,0,0,0,0,0
0,0,7,0,fireoceans.tumblr.com,,0,0,0,0,0,0
0,0,4,0,nbvcasey.tumblr.com,,0,0,0,0,0,0
0,0,3,0,festivemint.tumblr.com,,0,0,0,0,0,0
0,0,15,0,fernlets.tumblr.com,,0,0,0,0,0,0
0,0,3,0,feedspot.com,,0,0,0,0,0,0
0,0,1,0,brianaluna.tumblr.com,,0,0,0,0,0,0
0,0,8,0,brandiauset.tumblr.com,,0,0,0,0,0,0
0,0,12,0,feedbin.com,,0,0,0,0,0,0
0,0,8,0,brainblastoid.tumblr.com,,0,0,0,0,0,0
0,0,5,0,fantasiavii.tumblr.com,,0,0,0,0,0,0
0,0,3,0,faeriviera.tumblr.com,,0,0,0,0,0,0
0,0,3,0,bnzene.tumblr.com,,0,0,0,0,0,0
0,0,1,0,fabulouslymemzb.tumblr.com,,0,0,0,0,0,0
0,0,3,0,eyeamindiibleu.tumblr.com,,0,0,0,0,0,0
0,0,2,0,existential-angel.tumblr.com,,0,0,0,0,0,0
0,0,3,0,everbright-mourning.tumblr.com,,0,0,0,0,0,0
0,0,13,0,erilehnsherr.tumblr.com,,0,0,0,0,0,0
0,0,1,0,erikadprice.tumblr.com,,0,0,0,0,0,0
0,0,5,0,erakles.tumblr.com,,0,0,0,0,0,0
0,0,6,0,ephemeral-youth.tumblr.com,,0,0,0,0,0,0
0,0,10,0,enzaymada.tumblr.com,,0,0,0,0,0,0
0,0,4,0,en.wordpress.com,,0,0,0,0,0,0
0,0,1,0,emdabotoi.wordpress.com,,0,0,0,0,0,0
0,0,3,0,lyanaalvarado.tumblr.com,,0,0,0,0,0,0
0,0,3,0,elektra-phi-beta.tumblr.com,,0,0,0,0,0,0
0,0,8,0,ekpardesi.tumblr.com,,0,0,0,0,0,0
0,0,1,0,ejaeja1911.tumblr.com,,0,0,0,0,0,0
0,0,3,0,editoralalexis.tumblr.com,,0,0,0,0,0,0
0,0,2,0,blackgirlrevolution-blog.tumblr.com,,0,0,0,0,0,0
0,0,5,0,blackgirlmonopoly.tumblr.com,,0,0,0,0,0,0
0,0,5,0,drippydroppp.tumblr.com,,0,0,0,0,0,0
0,0,2,0,blackfeministmanifesto.tumblr.com,,0,0,0,0,0,0
0,0,3,0,doubleohbehave.tumblr.com,,0,0,0,0,0,0
0,0,5,0,blackestglass.tumblr.com,,0,0,0,0,0,0
0,0,41,0,digg.com,,0,0,0,0,0,0
0,0,20,0,difeminawoc.tumblr.com,,0,0,0,0,0,0
0,0,15,0,diamondsonhershoes.tumblr.com,,0,0,0,0,0,0
0,0,8,0,derekleemcphatter.com,,0,0,0,0,0,0
0,0,3,0,deluxetoaster.tumblr.com,,0,0,0,0,0,0
0,0,7,0,decolonizefeminism.tumblr.com,,0,0,0,0,0,0
0,0,2,0,decayingliberty.tumblr.com,,0,0,0,0,0,0
0,0,6,0,deadclownscantclown.tumblr.com,,0,0,0,0,0,0
0,0,16,0,king-nefertiti.tumblr.com,,0,0,0,0,0,0
0,0,30,0,bitchmedia.org,,0,0,0,0,0,0
0,0,3,0,aimabovethetarget.tumblr.com,,0,0,0,0,0,0
0,0,1,0,bisapphora.tumblr.com,,0,0,0,0,0,0
0,0,1,0,sebideluxe.de,,0,0,0,0,0,0
0,0,3,0,dakturak.tumblr.com,,0,0,0,0,0,0
0,0,1,0,svn-bak.tumblr.com,,0,0,0,0,0,0
0,0,1,0,uselessraku.tumblr.com,,0,0,0,0,0,0
0,0,1,0,seeingtheinvisable.tumblr.com,,0,0,0,0,0,0
0,0,1,0,star-born.tumblr.com,,0,0,0,0,0,0
0,0,5,0,trevor-brown-artist.tumblr.com,,0,0,0,0,0,0
0,0,2,0,tubbsthecatcafe.tumblr.com,,0,0,0,0,0,0
0,0,6,0,sappphicgalaxy.tumblr.com,,0,0,0,0,0,0
0,0,2,0,courtneycocoa.tumblr.com,,0,0,0,0,0,0
0,0,11,0,trippitybippity.tumblr.com,,0,0,0,0,0,0
0,0,2,0,code.plus,,0,0,0,0,0,0
0,0,2,0,scoatgape.tumblr.com,,0,0,0,0,0,0
0,0,18,0,scottmccute.tumblr.com,,0,0,0,0,0,0
0,0,1,0,vforveronika.tumblr.com,,0,0,0,0,0,0
0,0,2,0,s-slimeb0i.tumblr.com,,0,0,0,0,0,0
0,0,20,0,sapphicwocsafespace.tumblr.com,,0,0,0,0,0,0
0,0,1,0,saapphicism.tumblr.com,,0,0,0,0,0,0
0,0,1,0,rumidizzee.tumblr.com,,0,0,0,0,0,0
0,0,32,0,the-art-of-curves.tumblr.com,,0,0,0,0,0,0
0,0,4,0,cl0v.tumblr.com,,0,0,0,0,0,0
0,0,1,0,reds7174.tumblr.com,,0,0,0,0,0,0
0,0,1,0,reader.dnsdojo.com,,0,0,0,0,0,0
0,0,1,0,threetoasts.tumblr.com,,0,0,0,0,0,0
0,0,3,0,shampain-dreams.tumblr.com,,0,0,0,0,0,0
0,0,5,0,princesseceleste.tumblr.com,,0,0,0,0,0,0
0,0,1,0,wellexportscom1.webhost4life.com,,0,0,0,0,0,0
0,0,4,0,thyla-the-creator.tumblr.com,,0,0,0,0,0,0
0,0,4,0,wundersearch.net,,0,0,0,0,0,0
0,0,19,0,kosmonauttihai.tumblr.com,,0,0,0,0,0,0
0,0,1,0,littlehillbill.tumblr.com,,0,0,0,0,0,0
0,0,5,0,shea-coulee.squarespace.com,,0,0,0,0,0,0
0,0,1,0,operation-razorteeth.tumblr.com,,0,0,0,0,0,0
0,0,1,0,omgwants.tumblr.com,,0,0,0,0,0,0
0,0,6,0,ohmslewis.tumblr.com,,0,0,0,0,0,0
0,0,3,0,sjwtoonlink.tumblr.com,,0,0,0,0,0,0
0,0,2,0,thymelady.tumblr.com,,0,0,0,0,0,0
0,0,13,0,ur-a-qtpie.tumblr.com,,0,0,0,0,0,0
0,0,5,0,newslaves.ru,,0,0,0,0,0,0
0,0,2,0,viva-dulce-vida.tumblr.com,,0,0,0,0,0,0
0,0,1,0,nettvnow.squarespace.com,,0,0,0,0,0,0
0,0,2,0,mackere.tumblr.com,,0,0,0,0,0,0
0,0,6,0,mymindisyours.tumblr.com,,0,0,0,0,0,0
0,0,2,0,whimsicallioness.tumblr.com,,0,0,0,0,0,0
0,0,2,0,muchines.tumblr.com,,0,0,0,0,0,0
0,0,1,0,monetiza.me,,0,0,0,0,0,0
0,0,1,0,a.lostlove.ca,,0,0,0,0,0,0
0,0,2,0,sorry-not-so-sorry.tumblr.com,,0,0,0,0,0,0
0,0,1,0,blogs1368.rssing.com,,0,0,0,0,0,0
0,0,3,0,mattemagenta.tumblr.com,,0,0,0,0,0,0
0,0,11,0,blkwonderwoman.tumblr.com,,0,0,0,0,0,0
0,0,1,0,thegriffinsdoor.tumblr.com,,0,0,0,0,0,0
0,0,1,0,little-brisk.tumblr.com,,0,0,0,0,0,0
0,0,1,0,loveherdresshateher.tumblr.com,,0,0,0,0,0,0
0,0,2,0,torrentials.tumblr.com,,0,0,0,0,0,0
0,0,1,0,themakingsofnic.tumblr.com,,0,0,0,0,0,0
0,0,3,0,thescarletqueen.tumblr.com,,0,0,0,0,0,0
0,0,1,0,lesbianfray.tumblr.com,,0,0,0,0,0,0
0,0,5,0,vamstudio.net,,0,0,0,0,0,0
0,0,1,0,tambiensomos.tumblr.com,,0,0,0,0,0,0
0,0,6,0,black-brat.tumblr.com,,0,0,0,0,0,0
0,0,12,0,kontrollsysteme.tumblr.com,,0,0,0,0,0,0
0,0,1,0,unvisited.io,,0,0,0,0,0,0
0,0,20,0,birdsswimfishfly.tumblr.com,,0,0,0,0,0,0
0,0,2,0,angee1011.tumblr.com,,0,0,0,0,0,0
0,0,7,0,beyondclassicallybeautiful.com,,0,0,0,0,0,0
0,0,2,0,andrealanperez.com,,0,0,0,0,0,0
0,0,1,0,benjic13.tumblr.com,,0,0,0,0,0,0
0,0,6,0,anamikers.tumblr.com,,0,0,0,0,0,0
0,0,1,0,belleandwhistle.tumblr.com,,0,0,0,0,0,0
0,0,1,0,ambisassmuffin.tumblr.com,,0,0,0,0,0,0
0,0,8,0,clarysrose.tumblr.com,,0,0,0,0,0,0
0,0,1,0,alwaysugoi.tumblr.com,,0,0,0,0,0,0
0,0,20,0,beautifulhabit.tumblr.com,,0,0,0,0,0,0
0,0,6,0,beaniebum.tumblr.com,,0,0,0,0,0,0
0,0,1,0,chicagoparkdistrict.submittable.com,,0,0,0,0,0,0
0,0,2,0,azu203.tumblr.com,,0,0,0,0,0,0
0,0,63,0,chicagofilmmakers.org,,0,0,0,0,0,0
0,0,1,0,ayenikita.tumblr.com,,0,0,0,0,0,0
0,0,2,0,awakenzen.tumblr.com,,0,0,0,0,0,0
0,0,1,0,alluc.ee,,0,0,0,0,0,0
0,0,8,0,allthelegendsx.tumblr.com,,0,0,0,0,0,0
0,0,5,0,avatarshaw.tumblr.com,,0,0,0,0,0,0
0,0,12,0,avatarerin.tumblr.com,,0,0,0,0,0,0
0,0,7,0,alexandrachenkova.tumblr.com,,0,0,0,0,0,0
0,0,10,0,atomculture.wordpress.com,,0,0,0,0,0,0
0,0,219,0,assets.txmblr.com,,0,0,0,0,0,0
0,0,2,0,asphaltforest.tumblr.com,,0,0,0,0,0,0
0,0,16,0,asndreamcast.tumblr.com,,0,0,0,0,0,0
0,0,18,0,akajustmerry.tumblr.com,,0,0,0,0,0,0
0,0,7,0,ajchristian-blog.tumblr.com,,0,0,0,0,0,0
0,0,1,0,airbender-aangst.tumblr.com,,0,0,0,0,0,0
0,0,2,0,anonyanalytics.com,,0,0,0,0,0,0
0,0,3,0,anomenface.wordpress.com,,0,0,0,0,0,0
0,0,2,0,anime-shamer420.tumblr.com,,0,0,0,0,0,0
0,0,2,0,sadiewoods.com,,0,0,0,0,0,0
0,0,4,0,webseriesdaily.tumblr.com,,0,0,0,0,0,0
0,0,10,0,shaolinsfantastics.tumblr.com,,0,0,0,0,0,0
0,0,7,0,sayanaomi.tumblr.com,,0,0,0,0,0,0
0,0,1,0,roxannethefish.tumblr.com,,0,0,0,0,0,0
0,0,7,0,rashida-khanbey-942b.squarespace.com,,0,0,0,0,0,0
0,0,18,0,lgbtqlatinx.tumblr.com,,0,0,0,0,0,0
0,0,1,0,kiammarcelo-junio-jag8.squarespace.com,,0,0,0,0,0,0
0,0,6,0,occupyenjolras.tumblr.com,,0,0,0,0,0,0
0,0,1,0,neworleansfilmsociety.org,,0,0,0,0,0,0
0,0,1,0,mychiefrnk.tumblr.com,,0,0,0,0,0,0
0,0,1,0,letsgetsomecake.tumblr.com,,0,0,0,0,0,0
0,0,8,0,virqiniawoolf.tumblr.com,,0,0,0,0,0,0
0,0,1,0,tylovesu.tumblr.com,,0,0,0,0,0,0
0,0,1,0,lazy-assedspecialist.tumblr.com,,0,0,0,0,0,0
0,0,2,0,ailaikmonti.tumblr.com,,0,0,0,0,0,0
0,0,1,0,afterellen.com,,0,0,0,0,0,0
0,0,4,0,alustforcharms.tumblr.com,,0,0,0,0,0,0
0,0,1,0,alura.com.br,,0,0,0,0,0,0
0,0,1,0,afriendforanyone.tumblr.com,,0,0,0,0,0,0
0,0,1,0,adoremifaso.tumblr.com,,0,0,0,0,0,0
0,0,38,0,375.tumblr.com,,0,0,0,0,0,0
0,0,1,0,aburningtouch.tumblr.com,,0,0,0,0,0,0
0,0,1,0,coffeebarspodcast.com,,0,0,0,0,0,0
0,0,1,0,lightlysprinkled.tumblr.com,,0,0,0,0,0,0
0,0,3,0,methodsinthemadness.tumblr.com,,0,0,0,0,0,0
0,0,30,0,635459540150077541_7717cd8f38234bc80c9fda999ce945d20ebddac7.blogspot.com,,0,0,0,0,0,0
0,0,9,0,4wallsfrnkremix.tumblr.com,,0,0,0,0,0,0
"
",,,,,,,,,,,
