Post ID,Permalink,Post Message,Type,Countries,Languages,Posted,Audience Targeting,Lifetime Post Total Reach,Lifetime Post organic reach,Lifetime Post Paid Reach,Lifetime Post Total Impressions,Lifetime Post Organic Impressions,Lifetime Post Paid Impressions,Lifetime Engaged Users,Lifetime Matched Audience Targeting Consumers on Post,Lifetime Matched Audience Targeting Consumptions on Post,Lifetime Negative Feedback from Users,Lifetime Negative Feedback,Lifetime Post Impressions by people who have liked your Page,Lifetime Post reach by people who like your Page,Lifetime Post Paid Impressions by people who have liked your Page,Lifetime Paid reach of a post by people who like your Page,Lifetime People who have liked your Page and engaged with your post,Lifetime Organic views to 95%,Lifetime Organic views to 95%.1,Lifetime Paid views to 95%,Lifetime Paid views to 95%.1,Lifetime Organic Video Views,Lifetime Organic Video Views.1,Lifetime Paid Video Views,Lifetime Paid Video Views.1,Lifetime Average time video viewed,Lifetime Video length,Lifetime Post Stories by action type - like,Lifetime Post Stories by action type - share,Lifetime Post Stories by action type - comment,Project ID
,,,,,,,,"Lifetime: The number of people who had your Page's post enter their screen. Posts include statuses, photos, links, videos and more. (Unique Users)",Lifetime: The number of people who had your Page's post enter their screen through unpaid distribution. (Unique Users),Lifetime: The number of people who had your Page's post enter their screen through paid distribution such as an ad. (Unique Users),"Lifetime: The number of times your Page's post entered a person's screen. Posts include statuses, photos, links, videos and more. (Total Count)",Lifetime: The number of times your Page's posts entered a person's screen through unpaid distribution. (Total Count),Lifetime: The number of times your Page's post entered a person's screen through paid distribution such as an ad. (Total Count),"Lifetime: The number of unique people who engaged in certain ways with your Page post, for example by commenting on, liking, sharing, or clicking upon particular elements of the post. (Unique Users)",Lifetime: The number of people who matched the audience targeting that clicked anywhere in your post on News Feed. (Unique Users),Lifetime: The number of clicks anywhere in your post on News Feed from the user that matched the audience targeting on it. (Total Count),Lifetime: The number of people who have given negative feedback to your post. (Unique Users),Lifetime: The number of times people have given negative feedback to your post. (Total Count),Lifetime: The number of impressions of your Page post to people who have liked your Page. (Total Count),Lifetime: The number of people who saw your Page post because they've liked your Page (Unique Users),Lifetime: The number of paid impressions of your Page post to people who have liked your Page. (Total Count),Lifetime: The number of people who like your Page and who saw your Page post in an ad or sponsored story. (Unique Users),Lifetime: The number of people who have liked your Page and clicked anywhere in your posts. (Unique Users),Lifetime: Number of times your video was viewed to 95% of its length without any paid promotion. (Unique Users),Lifetime: Number of times your video was viewed to 95% of its length without any paid promotion. (Total Count),Lifetime: Number of times your video was viewed to 95% of its length after paid promotion. (Unique Users),Lifetime: Number of times your video was viewed to 95% of its length after paid promotion. (Total Count),Lifetime: Number of times your video was viewed for more than 3 seconds without any paid promotion. (Unique Users),Lifetime: Number of times your video was viewed for more than 3 seconds without any paid promotion. (Total Count),Lifetime: Number of times your video was viewed more than 3 seconds after paid promotion. (Unique Users),Lifetime: Number of times your video was viewed more than 3 seconds after paid promotion. (Total Count),Lifetime: Average time video viewed (Total Count),Lifetime: Length of a video post (Total Count),"Lifetime: The number of stories created about your Page post, by action type. (Total Count)",,,
357045034501999_371694236370412,https://www.facebook.com/weareotv/posts/371694236370412,"&quot;You're So Talented offers another side to the coming-into-adult narrative that is both refreshing, and needing of a larger platform. 
[It] is without doubt, an intriguing web series that’s worth watching. In Bea, Black millennial women now have a relatable protagonist we can invest in.&quot; Thanks for the lovely review Bitch Media! 

http://bitchmagazine.org/post/new-web-series-youre-so-talented-gives-us-a-black-female-protagonist-to-root-for",Link,,,03/31/2015 03:41:00 PM, ,0,0,0,0,0,0,0,0,0,0,0,0,0,0,0,0,0,0,0,0,0,0,0,0,0,0,14,,,None
357045034501999_371693686370467,https://www.facebook.com/weareotv/posts/371693686370467,"We're cooking up all the good stuff over at www.weareopen.tv: 
Go #explore!",Link,,,03/31/2015 02:58:01 PM, ,0,0,0,0,0,0,0,0,0,0,0,0,0,0,0,0,0,0,0,0,0,0,0,0,0,0,3,,,None
357045034501999_371693516370484,https://www.facebook.com/weareotv/posts/371693516370484,It's time for you to catch up with the &quot;Who's So Talented #Series: http://youresotalented.tumblr.com/ #interview #makeyourown,Link,,,03/31/2015 01:36:00 PM, ,0,0,0,0,0,0,0,0,0,0,0,0,0,0,0,0,0,0,0,0,0,0,0,0,0,0,2,,,None
357045034501999_371693326370503,https://www.facebook.com/weareotv/posts/371693326370503,Our #website is doing that thing that we like. Check it out and tell us what you think: http://buff.ly/1DPFicc #design #uxui #webdesign,Link,,,03/30/2015 03:35:01 PM, ,0,0,0,0,0,0,0,0,0,0,0,0,0,0,0,0,0,0,0,0,0,0,0,0,0,0,2,,,None
357045034501999_371692643037238,https://www.facebook.com/weareotv/posts/371692643037238,"If you're in #LA this week here's where to catch the She's Out Of Order and Under the Spell Productions, Inc. team LAWeb Fest! 
http://shesoutoforder.com/2015/03/29/la-webfest-screening-and-panel-info/ #makeyourown #losangeles #production",Link,,,03/30/2015 12:32:00 PM, ,0,0,0,0,0,0,0,0,0,0,0,0,0,0,0,0,0,0,0,0,0,0,0,0,0,0,2,,,None
357045034501999_371696529703516,https://www.facebook.com/weareotv/posts/371696529703516,Based on your feedback we've published some new #content for you to explore in the #OpenTVCommunity. Thanks for your continued support and keep the feedback coming! We love hearing from you! Phttp://www.weareopen.tv/open-tv-community,Link,,,03/30/2015 10:42:27 AM, ,0,0,0,0,0,0,0,0,0,0,0,0,0,0,0,0,0,0,0,0,0,0,0,0,0,0,3,,,None
357045034501999_370883133118189,https://www.facebook.com/weareotv/posts/370883133118189,"The Trans 100 may be sold out but you can still find other ways to participate in the event this weekend. Check out the live stream and make sure to do your part by donating to their efforts! 

#trans #equality #chicago #trans100",Link,,,03/27/2015 02:54:25 PM, ,0,0,0,0,0,0,0,0,0,0,0,0,0,0,0,0,0,0,0,0,0,0,0,0,0,0,2,,,None
357045034501999_370204573186045,https://www.facebook.com/weareotv/posts/370204573186045,We could use your help with this: www.weareopen.tv/intervene,Link,,,03/27/2015 01:32:01 PM, ,0,0,0,0,0,0,0,0,0,0,0,0,0,0,0,0,0,0,0,0,0,0,0,0,0,0,2,,,None
357045034501999_370249906514845,https://www.facebook.com/weareotv/posts/370249906514845:0,"Tons of new #content on the site for you to connect with and #explore; tell us what you think: 
http://www.weareopen.tv/open-tv-community",Photo,,,03/25/2015 02:44:00 PM, ,0,0,0,0,0,0,0,0,0,0,0,0,0,0,0,0,0,0,0,0,0,0,0,0,0,0,,,,None
357045034501999_370202386519597,https://www.facebook.com/weareotv/posts/370202386519597,"We just #released &quot;Chapter Two&quot; of You're So Talented on #OpenTV. After Bea's show closes early due to bad reviews, she tries a different medium and ends up speaking a little too honestly at an art gallery. Are you ready for the story that unfolds? 
#watch and #share: https://vimeo.com/123121866",Link,,,03/25/2015 10:10:03 AM, ,0,0,0,0,0,0,0,0,0,0,0,0,0,0,0,0,0,0,0,0,0,0,0,0,0,0,8,3.0,1.0,YST
357045034501999_369960599877109,https://www.facebook.com/weareotv/posts/369960599877109,"Did you know that Whatever Spectrum created and produced all of the music for our original series, You're So Talented? Stay tuned for our #Spotlight and make sure you like their page to stay updated when new songs are released!",Link,,,03/24/2015 12:52:38 PM, ,0,0,0,0,0,0,0,0,0,0,0,0,0,0,0,0,0,0,0,0,0,0,0,0,0,0,3,,,YST
357045034501999_369674289905740,https://www.facebook.com/weareotv/posts/369674289905740,Our #website is doing that thing that we like. Check it out and tell us what you think: http://buff.ly/1DPFicc #design,Link,,,03/24/2015 11:39:00 AM, ,0,0,0,0,0,0,0,0,0,0,0,0,0,0,0,0,0,0,0,0,0,0,0,0,0,0,6,,1.0,None
357045034501999_369674903239012,https://www.facebook.com/weareotv/posts/369674903239012,"We're really digging, GENDER TALENTS, a new web-based project by artist Carlos Motta that engages movements and discourses for gender self-determination within #trans and #intersex communities internationally. http://gendertalents.info/about/",Link,,,03/24/2015 10:42:00 AM, ,0,0,0,0,0,0,0,0,0,0,0,0,0,0,0,0,0,0,0,0,0,0,0,0,0,0,4,,,None
357045034501999_369674549905714,https://www.facebook.com/weareotv/posts/369674549905714,"Did you miss the screening of &quot;The Myth of Cqqchifruit&quot; over the weekend? Don't fret, here's a link to the trailer which we highly recommend that you spend a couple of minutes checking out. Much more to follow: https://vimeo.com/122386736",Link,,,03/23/2015 12:40:00 PM, ,0,0,0,0,0,0,0,0,0,0,0,0,0,0,0,0,0,0,0,0,0,0,0,0,0,0,2,1.0,,None
357045034501999_368774446662391,https://www.facebook.com/weareotv/posts/368774446662391:0,"Do you want to learn how the #OpenTV platform was conceived? Check out one of our first &quot;#Viewpoints&quot; published in the #OpenTVCommunity which details how it all began: 

http://www.weareopen.tv/open-tv-community/2015/2/9/viewpoints-by-aymar-christian",Photo,,,03/20/2015 11:38:00 AM, ,0,0,0,0,0,0,0,0,0,0,0,0,0,0,0,0,0,0,0,0,0,0,0,0,0,0,,,,None
357045034501999_368229663383536,https://www.facebook.com/weareotv/posts/368229663383536,Please Stand By: www.weareopen.tv,Link,,,03/19/2015 01:51:01 PM, ,0,0,0,0,0,0,0,0,0,0,0,0,0,0,0,0,0,0,0,0,0,0,0,0,0,0,5,,,None
357045034501999_368229860050183,https://www.facebook.com/weareotv/posts/368229860050183,"America Ferrera is fed up with the lack of #diversity in #hollywood: &quot;As a member of our society and as an audience member, I take it very personally when I see depictions of modern day that make me feel invisible.&quot;-America Ferrera 

http://fusion.net/story/58219/america-ferrera-very-upset-by-the-lack-of-diversity-in-hollywood-i-take-it-personally/?utm_source=facebook&amp;utm_medium=social&amp;utm_campaign=fusionnetwork #media #mainstream",Link,,,03/19/2015 11:51:01 AM, ,0,0,0,0,0,0,0,0,0,0,0,0,0,0,0,0,0,0,0,0,0,0,0,0,0,0,1,,,None
357045034501999_368225786717257,https://www.facebook.com/weareotv/posts/368225786717257,"We're enamored by the overwhelming response that the first teaser for #OpenTVPresents #NUPITAOBAMACREATESVOGUA has received! Thanks for sharing with care. Please do continue to support our efforts as we cook up some more delectable treats for your viewing pleasure. 

A special thanks to Myra Boone, Mister Wallace, IamKiam Studios, Miss Queen Saya Naomi Sarah McClain, and Under the Spell Productions, Inc.. Open TV Presents: Nupita Obama Creates Vogua will #premiere late Spring/early Summer. Follow the production here: 
http://www.weareopen.tv/open-tv-presents/2015/2/5/nupita-obama-creates-vogua",Link,,,03/18/2015 02:37:01 PM, ,0,0,0,0,0,0,0,0,0,0,0,0,0,0,0,0,0,0,0,0,0,0,0,0,0,0,5,1.0,,NOCV
357045034501999_368222320050937,https://www.facebook.com/weareotv/posts/368222320050937,"Seven days till we #debut &quot;Chapter Two&quot; of You're So Talented. Till that goes live make sure you are connecting with crew behind YST over at http://www.youresotalented.tumblr.com/ 

Magical things are happening over there!",Link,,,03/18/2015 12:23:00 PM, ,0,0,0,0,0,0,0,0,0,0,0,0,0,0,0,0,0,0,0,0,0,0,0,0,0,0,7,,,YST
357045034501999_368223196717516,https://www.facebook.com/weareotv/posts/368223196717516,"Can you do us a favor? We’re looking for #marketing and #production #interns for the Spring/Summer. Tell your sister, best-friend and that sassy guy at the bar who probably is a filmmaker on the side to hit us up: www.weareopen.tv/intervene 

#Share with care. Please and thank you!",Link,,,03/18/2015 10:25:00 AM, ,0,0,0,0,0,0,0,0,0,0,0,0,0,0,0,0,0,0,0,0,0,0,0,0,0,0,4,,,None
357045034501999_368245746715261,https://www.facebook.com/weareotv/posts/368245746715261,One week till we #premiere &quot;Chapter Two&quot; of You're So Talented. Are you even ready for the story that is about to unfold? #indie #webseries,Status,,,03/18/2015 09:58:04 AM, ,0,0,0,0,0,0,0,0,0,0,0,0,0,0,0,0,0,0,0,0,0,0,0,0,0,0,4,,,YST
357045034501999_367953983411104,https://www.facebook.com/weareotv/posts/367953983411104,"Today we're shining the #spotlight on Po’ Chop, a burlesque artist who is constantly pushing the boundaries of #performanceart and gender norms. She continues to challenge us to #create outside the box and define our own lanes. Originally published over at You're So Talented: http://buff.ly/1MGqYSK #blackisbeautiful #natural #makeyourown",Link,,,03/17/2015 03:02:05 PM, ,0,0,0,0,0,0,0,0,0,0,0,0,0,0,0,0,0,0,0,0,0,0,0,0,0,0,4,,,YST
357045034501999_367932520079917,https://www.facebook.com/weareotv/posts/367932520079917,"Join Honey Pot Performance tonight at the Dance Center of Columbia College Chicago for 'Dance Matters: An Intimate Conversation with Urban Bush Women and Honey Pot Performance'.
e http://buff.ly/1O0OihB  #embodied #process #community",Link,,,03/17/2015 01:02:09 PM, ,0,0,0,0,0,0,0,0,0,0,0,0,0,0,0,0,0,0,0,0,0,0,0,0,0,0,2,,,None
357045034501999_367792680093901,https://www.facebook.com/weareotv/posts/367792680093901,Univision incident reignites questions about diversity in latino #media. We need to intervene current state of mainstream #media now more than ever http://buff.ly/1x8ukMJ #equality #diversity #latino,Link,,,03/17/2015 12:44:04 AM, ,0,0,0,0,0,0,0,0,0,0,0,0,0,0,0,0,0,0,0,0,0,0,0,0,0,0,2,,,None
357045034501999_367593253447177,https://www.facebook.com/weareotv/videos/367593253447177/,"Are you ready for the future of indie #television? Check out the first teaser from #OpenTVPresents: &quot;Nupita Obama Creates Vogua&quot; starring the ultra-cunty Mister Wallace. Premiering soon! 

**Open TV Presents are independent pilots about artists exploring alternative relationships. More sassy updates coming your way. Be excited. #queer #makeyourown #voguing #yoga

Watch the episode now! https://vimeo.com/134807299

Music by: Mister Wallace",Video,,,03/16/2015 09:10:31 AM, ,0,0,0,0,0,0,0,0,0,0,0,0,0,0,0,0,0,0,0,0,0,0,0,0,0,54888,47,34.0,12.0,
357045034501999_366826073523895,https://www.facebook.com/weareotv/posts/366826073523895,"Who is ready for the #premiere of &quot;Cucumber and Banana&quot; next month? This new series explores the complexities associated with being young and gay today! Here's a little sneak peek of what is in store for your viewing pleasure. 
http://buff.ly/1F44niN #queer #television",Link,,,03/13/2015 01:45:08 PM, ,0,0,0,0,0,0,0,0,0,0,0,0,0,0,0,0,0,0,0,0,0,0,0,0,0,0,1,,3.0,None
357045034501999_366215106918325,https://www.facebook.com/weareotv/posts/366215106918325,"A Special cheers to the premiere of Sam Bailey's story, exquisitely crafted by her writing, Sam Lee’s music, Vincent Martell’s styling, and Artful Enough Pictures’ photography. We're currently in the process of developing season two! Much more to follow! Get involved over at www.weareopen.tv/intervene #youresotalented #opentv #opentvoriginals #indieTV #makeyourown #blackisbeautiful #naturalhair
https://vimeo.com/121810540",Link,,,03/11/2015 03:38:00 PM, ,0,0,0,0,0,0,0,0,0,0,0,0,0,0,0,0,0,0,0,0,0,0,0,0,0,0,5,,,None
357045034501999_366216313584871,https://www.facebook.com/weareotv/posts/366216313584871,Netflix attempts to change the way we stream online #content. We believe in inspiring people not to binge television but rather take pride in exploring well-crafted bits of life that motivate us to seek other forms of engagement. What are your thoughts on binge watching? How can we make TV more open? http://buff.ly/1AjQWEW via Cinema Blend #opentv #indie #television #network #audience #development,Link,,,03/11/2015 02:43:00 PM, ,0,0,0,0,0,0,0,0,0,0,0,0,0,0,0,0,0,0,0,0,0,0,0,0,0,0,2,,,None
357045034501999_366213176918518,https://www.facebook.com/weareotv/posts/366213176918518,"Today we debuted #OpenTVOriginals with You're So Talented ! Join us as we celebrate this beautiful slice of life story about a young artist struggling creatively and romantically. What are you waiting for? Watch it! SHARE it! Ring the alarm and make sure to keep up with Bae's life every other Wednesday! We're currently streaming &quot;Chapter One&quot; exclusively over at http://buff.ly/1aXM6It

 #YoureSoTalented #OpenTV #makeyourown #blackisbeautiful #naturalhair #weareopentv #indie #webseries",Link,,,03/11/2015 12:25:00 PM, ,0,0,0,0,0,0,0,0,0,0,0,0,0,0,0,0,0,0,0,0,0,0,0,0,0,0,9,,,YST
357045034501999_366218250251344,https://www.facebook.com/weareotv/posts/366218250251344,"Many good things have been born in #Chicago and leaving this magical city for pricey LA means O is downsizing: &quot;About 20 of the 200 full-time Chicago employees at Harpo are likely to be offered a job at her operations in California, but most of the production work will shift to freelance workers..&quot;
http://buff.ly/1wUcBsw via #business #network",Link,,,03/11/2015 10:43:09 AM, ,0,0,0,0,0,0,0,0,0,0,0,0,0,0,0,0,0,0,0,0,0,0,0,0,0,0,,,,SH
357045034501999_366210443585458,https://www.facebook.com/weareotv/posts/366210443585458,The first chapter of You're So Talented is here! Watch it! SHARE it! Every other Wednesday enjoy a brief glimpse into Bea Freeman's life. This is only the beginning of Sam Bailey's beautifully crafted story! #YoureSoTalented #OpenTV #OpenTVOriginals #makeyourown #blackisbeautiful #naturalhair,Link,,,03/11/2015 09:59:59 AM, ,0,0,0,0,0,0,0,0,0,0,0,0,0,0,0,0,0,0,0,0,0,0,0,0,0,0,9,8.0,1.0,YST
357045034501999_365900186949817,https://www.facebook.com/weareotv/posts/365900186949817,"Did you know: it’s the networks, studios and production companies who hire the show-runners, and this report found that minorities held only 5.5% of those jobs during the 2013-14 season, down from 7.8% two years earlier, an overall decline of nearly 30%.&quot;It's time for us to intervene. It's time for us to make space for underrepresented artists. Are you going to be the change that you want to see?",Link,,,03/10/2015 01:05:10 PM, ,0,0,0,0,0,0,0,0,0,0,0,0,0,0,0,0,0,0,0,0,0,0,0,0,0,0,4,,,None
357045034501999_365647666975069,https://www.facebook.com/weareotv/posts/365647666975069,"Less than 72 hours till we #premiere our first original series. Yes, that's right! You're So Talented is invading a screen near you this Wednesday, March 11th @ noon. Are you ready for this epic story that follows an out of work #Chicago actor, as she navigates her twenties and its inevitable dramas? Keep up over at http://buff.ly/1wUeZ2u #webseries #youresotalented #indie",Link,,,03/09/2015 04:05:12 PM, ,0,0,0,0,0,0,0,0,0,0,0,0,0,0,0,0,0,0,0,0,0,0,0,0,0,0,4,1.0,,YST
357045034501999_364583140414855,https://www.facebook.com/weareotv/posts/364583140414855,Did any of your friends make the list? Check out the top 20 #VAMInfluencers -- a list devoted to artists who are taking over in their communities and inspire us to become more affluent and dedicated to our work. Join the underground movement.,Link,,,03/06/2015 02:30:18 PM, ,0,0,0,0,0,0,0,0,0,0,0,0,0,0,0,0,0,0,0,0,0,0,0,0,0,0,2,,,None
357045034501999_364573757082460,https://www.facebook.com/weareotv/posts/364573757082460:0,"What does #expressive television look like? Help us create a platform that will enable a diverse set of creatives to produce and distribute indie series for and by artists. Let's explore. 

http://buff.ly/1BJ5rrk",Photo,,,03/06/2015 01:44:06 PM, ,0,0,0,0,0,0,0,0,0,0,0,0,0,0,0,0,0,0,0,0,0,0,0,0,0,0,,,,None
357045034501999_364573213749181,https://www.facebook.com/weareotv/posts/364573213749181,"We're so excited to announce that a film festival has requested a few screeners of @YOU're So Talented. We can't wait for all of y'all to connect with this beautiful and heartfelt show next week. More to follow but till then make sure to set your clocks! #YoureSoTalented debuts on March 11th at noon! 

#webseries #indie #makeyourown #weareopentv",Status,,,03/06/2015 01:41:08 PM, ,0,0,0,0,0,0,0,0,0,0,0,0,0,0,0,0,0,0,0,0,0,0,0,0,0,0,3,1.0,,YST
357045034501999_364193497120486,https://www.facebook.com/weareotv/posts/364193497120486,Are you following us on Instagram? Good things are happening over there. Check it out for yourself: http://buff.ly/18Frgg8 #community #arts,Link,,,03/05/2015 02:12:06 PM, ,0,0,0,0,0,0,0,0,0,0,0,0,0,0,0,0,0,0,0,0,0,0,0,0,0,0,6,1.0,,None
357045034501999_364179253788577,https://www.facebook.com/weareotv/posts/364179253788577,"We're cooking up all the good stuff. Check out these BTS shots from the #Futurewomen pilot starring the incredibly talented women of Honey Pot Performance.  http://buff.ly/18kEoX2

#feminism #blackfeminism #webseries",Link,,,03/05/2015 12:49:15 PM, ,0,0,0,0,0,0,0,0,0,0,0,0,0,0,0,0,0,0,0,0,0,0,0,0,0,0,2,,,FW
357045034501999_363888787150957,https://www.facebook.com/weareotv/posts/363888787150957:0,What does #sustainable television look like?,Photo,,,03/04/2015 03:51:03 PM, ,0,0,0,0,0,0,0,0,0,0,0,0,0,0,0,0,0,0,0,0,0,0,0,0,0,0,,,,None
357045034501999_363852943821208,https://www.facebook.com/weareotv/posts/363852943821208,"The countdown begins! 7 days to the #premiere of You're So Talented! Tell your sister, your cousin and that girl sitting next to you on the CTA. This is going to be EPIC. http://buff.ly/1Ckcisg",Link,,,03/04/2015 11:53:06 AM, ,0,0,0,0,0,0,0,0,0,0,0,0,0,0,0,0,0,0,0,0,0,0,0,0,0,0,9,1.0,,YST
357045034501999_363694897170346,https://www.facebook.com/weareotv/posts/363694897170346,"&quot;Remember, no effort that we make to attain something beautiful is ever lost.” - Helen Keller",Status,,,03/04/2015 12:44:01 AM, ,0,0,0,0,0,0,0,0,0,0,0,0,0,0,0,0,0,0,0,0,0,0,0,0,0,0,2,,,None
357045034501999_363606647179171,https://www.facebook.com/weareotv/posts/363606647179171,"“If you can design one thing, you can design everything.” - Massimo Vignelli",Status,,,03/03/2015 03:29:01 PM, ,0,0,0,0,0,0,0,0,0,0,0,0,0,0,0,0,0,0,0,0,0,0,0,0,0,0,3,,,None
357045034501999_363587250514444,https://www.facebook.com/weareotv/posts/363587250514444,"Please proceed with caution: http://buff.ly/1wt6i9m 

#explore #design #webseries",Link,,,03/03/2015 01:29:04 PM, ,0,0,0,0,0,0,0,0,0,0,0,0,0,0,0,0,0,0,0,0,0,0,0,0,0,0,3,,,None
357045034501999_363504570522712,https://www.facebook.com/weareotv/posts/363504570522712:0,"What does #artistic television look like? We have a few ideas but we want to hear from you! Share your thoughts and perspectives over at http://buff.ly/1DwZB8U 

Are you an independent artists, actor, or filmmaker? We're currently looking to collaborate with a diverse set of creatives. Let's dream together!",Photo,,,03/03/2015 09:58:04 AM, ,0,0,0,0,0,0,0,0,0,0,0,0,0,0,0,0,0,0,0,0,0,0,0,0,0,0,,,,None
357045034501999_363382180534951,https://www.facebook.com/weareotv/posts/363382180534951,"Here's some #BTS action from last week's shoot with three of the four women from @HoneyPotPerformance. Stay tuned for the pilot of #Futurewomen, an #OpenTV Original series. Are you ready?",Link,,,03/03/2015 12:44:02 AM, ,0,0,0,0,0,0,0,0,0,0,0,0,0,0,0,0,0,0,0,0,0,0,0,0,0,0,2,,,FW
357045034501999_363236357216200,https://www.facebook.com/weareotv/posts/363236357216200,"Aymar Christian, the mastermind behind our lovely platform, is giving the first academic talk on OPEN TV - beta tomorrow at Illinois Institute of Technology. He will be discussing the possibilities for research creation in humanistic social sciences. Cheers to the future of open television! 

http://humansciences.iit.edu/events/2015/mar/03/tv-wide-open-developing-art-networked-distribution",Link,,,03/02/2015 01:22:01 PM, ,0,0,0,0,0,0,0,0,0,0,0,0,0,0,0,0,0,0,0,0,0,0,0,0,0,0,2,,,OTV
357045034501999_363081753898327,https://www.facebook.com/weareotv/posts/363081753898327,"Did your cousin, best friend or that guy who makes your body rock on #Monday nights make the cut?  http://buff.ly/1LTglh2 via VAMMAG",Link,,,03/01/2015 11:44:04 PM, ,0,0,0,0,0,0,0,0,0,0,0,0,0,0,0,0,0,0,0,0,0,0,0,0,0,0,3,,,None
