plays,downloads,loads,finishes,likes,comments,uri,name,duration,created_time,sizes,unique_loads,mean_percent,mean_seconds,sum_seconds,total_seconds,unique_viewers,Project ID
4,0.0,16.0,3.0,0.0,0.0,/videos/11577487,The Algebra Project,86.0,2010-05-08T15:21:03+00:00,Array,0.0,98.0,63.0,255.0,344.0,0.0,AP
3,0.0,15.0,1.0,0.0,0.0,/videos/9768044,FAME: Kade Style (Anniversary Cut!),627.0,2010-02-26T21:33:50+00:00,Array,0.0,46.0,291.0,874.0,1881.0,0.0,FM
3,0.0,6.0,1.0,0.0,0.0,/videos/23215153,A Conversation with Michaela Angela Davis at the Urban Catwalk,108.0,2011-05-03T15:54:14+00:00,Array,0.0,82.0,59.0,178.0,324.0,0.0,MAD
2,0.0,14.0,1.0,0.0,0.0,/videos/25944002,"Michaela Angela Davis on Race and Fashion: ""Color is a Distraction""",230.0,2011-07-03T22:21:57+00:00,Array,0.0,49.0,114.0,229.0,460.0,0.0,MAD
2,0.0,15.0,0.0,0.0,0.0,/videos/11588116,Project Basho,129.0,2010-05-09T02:35:04+00:00,Array,0.0,47.0,61.0,123.0,258.0,0.0,PB
1,0.0,3.0,0.0,0.0,0.0,/videos/25942704,"Michaela Angela Davis on 1980s New York: ""The Aliens Had Landed""",131.0,2011-07-03T21:39:04+00:00,Array,0.0,0.0,0.0,0.0,131.0,0.0,MAD
1,0.0,21.0,0.0,0.0,0.0,/videos/28078430,Philadelphia Voices of Pride,129.0,2011-08-23T21:42:52+00:00,Array,0.0,30.0,40.0,40.0,130.0,0.0,PVP
1,0.0,5.0,0.0,0.0,0.0,/videos/25948268,"Michaela Angela Davis and The Urban Catwalk: Style, Race and Counterculture",1761.0,2011-07-04T01:16:20+00:00,Array,0.0,99.0,1754.0,1754.0,1761.0,0.0,MAD
1,0.0,15.0,0.0,0.0,0.0,/videos/11588056,A Day at the Plant,331.0,2010-05-09T02:28:43+00:00,Array,0.0,4.0,16.0,16.0,331.0,0.0,ADP
1,0.0,16.0,0.0,0.0,0.0,/videos/13692827,Pay Day,1586.0,2010-07-28T02:28:12+00:00,Array,0.0,0.0,1.0,1.0,1587.0,0.0,PD
0,0.0,1.0,0.0,0.0,0.0,/videos/16589287,It Goes Unsaid,216.0,2010-11-07T17:28:53+00:00,Array,0.0,0.0,0.0,0.0,0.0,0.0,IGU
0,0.0,1.0,0.0,0.0,0.0,/videos/11567668,LEE's Video Art,214.0,2010-05-08T00:12:57+00:00,Array,0.0,0.0,0.0,0.0,0.0,0.0,LVA
0,0.0,1.0,0.0,0.0,0.0,/videos/11565788,MEET - Episode Three - JORDAN 10AM,218.0,2010-05-07T22:22:54+00:00,Array,0.0,0.0,0.0,0.0,0.0,0.0,MT
0,0.0,15.0,0.0,0.0,0.0,/videos/11587726,Spike Lee with Talk Radio News,119.0,2010-05-09T02:03:33+00:00,Array,0.0,0.0,0.0,0.0,0.0,0.0,TRN
0,0.0,16.0,0.0,0.0,0.0,/videos/11587706,Military Sexual Trauma,1610.0,2010-05-09T02:02:01+00:00,Array,0.0,0.0,0.0,0.0,0.0,0.0,MST
0,0.0,15.0,0.0,0.0,0.0,/videos/11578516,Talk Radio News - Dennis Kucinich,381.0,2010-05-08T16:22:50+00:00,Array,0.0,0.0,0.0,0.0,0.0,0.0,TRN
0,0.0,14.0,0.0,0.0,0.0,/videos/11577839,"Senegal: Sights, Sounds and Struggles",286.0,2010-05-08T15:44:57+00:00,Array,0.0,0.0,0.0,0.0,0.0,0.0,SSS
0,0.0,1.0,0.0,0.0,0.0,/videos/11565555,MEET - Episode One - JORDAN 9AM,235.0,2010-05-07T22:11:34+00:00,Array,0.0,0.0,0.0,0.0,0.0,0.0,MT
0,0.0,1.0,0.0,0.0,0.0,/videos/11565721,MEET - Episode Two - LEE 9AM,216.0,2010-05-07T22:19:26+00:00,Array,0.0,0.0,0.0,0.0,0.0,0.0,MT
0,0.0,2.0,0.0,0.0,0.0,/videos/25913498,Michaela Angela Davis: Did Hip Hop Sell Out to the Fashion Industry?,104.0,2011-07-02T22:33:11+00:00,Array,0.0,0.0,0.0,0.0,0.0,0.0,MAD
0,0.0,2.0,0.0,0.0,0.0,/videos/31097705,Reel,677.0,2011-10-25T17:37:01+00:00,Array,0.0,0.0,0.0,0.0,0.0,0.0,None
0,0.0,29.0,0.0,0.0,0.0,/videos/10225370,"Artspace Underground, February 2010",376.0,2010-03-17T04:45:04+00:00,Array,0.0,0.0,0.0,0.0,0.0,0.0,None
0,0.0,5.0,0.0,0.0,0.0,/videos/9768181,Greed is Good: Kade vs. Douglas,74.0,2010-02-26T21:39:08+00:00,Array,0.0,0.0,0.0,0.0,0.0,0.0,GG
