plays,downloads,loads,finishes,likes,comments,uri,name,duration,created_time,sizes,unique_loads,mean_percent,mean_seconds,sum_seconds,total_seconds,unique_viewers,Project ID
497,0.0,1072.0,103.0,4.0,1.0,/videos/126932556,"You're So Talented, Season One -- Chapter Five",292.0,2015-05-05T15:32:57+00:00,Array,0.0,76.0,202.0,100653.0,144944.0,0.0,YST
314,0.0,829.0,52.0,1.0,0.0,/videos/124849631,"You're So Talented, Season One -- Chapter Four",295.0,2015-04-13T17:46:12+00:00,Array,0.0,77.0,212.0,66596.0,93082.0,0.0,YST
296,0.0,733.0,73.0,3.0,0.0,/videos/121810540,"You're So Talented, Chapter One",341.0,2015-03-10T18:04:57+00:00,Array,0.0,70.0,224.0,66436.0,100920.0,0.0,YST
264,0.0,439.0,58.0,2.0,0.0,/videos/128319423,"You're So Talented, Season One -- Chapter Six",266.0,2015-05-19T23:04:13+00:00,Array,0.0,75.0,189.0,49905.0,69565.0,0.0,YST
243,0.0,424.0,46.0,0.0,0.0,/videos/123121866,"You're So Talented, Season One -- Chapter Two",459.0,2015-03-24T18:39:13+00:00,Array,0.0,75.0,308.0,75072.0,111537.0,0.0,YST
231,0.0,397.0,41.0,0.0,0.0,/videos/124357625,"You're So Talented, Season One -- Chapter Three",397.0,2015-04-07T22:23:45+00:00,Array,0.0,78.0,273.0,63226.0,92403.0,0.0,YST
81,0.0,103.0,47.0,0.0,0.0,/videos/121910493,Teaser -- Nupita Obama Creates Vogua,55.0,2015-03-11T16:54:25+00:00,Array,0.0,83.0,43.0,3499.0,4413.0,0.0,NOCV
71,0.0,104.0,30.0,0.0,0.0,/videos/126751017,"Teaser -- Futurewomen, an alternate reality series by Honey Pot Performance",47.0,2015-05-03T21:57:12+00:00,Array,0.0,78.0,32.0,2318.0,3390.0,0.0,FW
2,0.0,3.0,1.0,0.0,0.0,/videos/25948268,"Michaela Angela Davis and The Urban Catwalk: Style, Race and Counterculture",1761.0,2011-07-04T01:16:20+00:00,Array,0.0,50.0,889.0,1779.0,3521.0,0.0,MAD
1,0.0,5.0,1.0,0.0,0.0,/videos/11577487,The Algebra Project,86.0,2010-05-08T15:21:03+00:00,Array,0.0,98.0,85.0,85.0,86.0,0.0,AP
0,0.0,2.0,0.0,0.0,0.0,/videos/11565721,MEET - Episode Two - LEE 9AM,216.0,2010-05-07T22:19:26+00:00,Array,0.0,0.0,0.0,0.0,0.0,0.0,MT
0,0.0,3.0,0.0,0.0,0.0,/videos/23215153,A Conversation with Michaela Angela Davis at the Urban Catwalk,108.0,2011-05-03T15:54:14+00:00,Array,0.0,0.0,0.0,0.0,0.0,0.0,MAD
0,0.0,2.0,0.0,0.0,0.0,/videos/11567668,LEE's Video Art,214.0,2010-05-08T00:12:57+00:00,Array,0.0,0.0,0.0,0.0,0.0,0.0,LVA
0,0.0,2.0,0.0,0.0,0.0,/videos/106302223,stargayzer at north door,34.0,2014-09-16T17:08:17+00:00,Array,0.0,0.0,0.0,0.0,0.0,0.0,None
0,0.0,1.0,0.0,0.0,0.0,/videos/101415411,freestylin vogua with effects and high data rate,280.0,2014-07-22T15:26:23+00:00,Array,0.0,0.0,0.0,0.0,0.0,0.0,FV
0,0.0,3.0,0.0,0.0,0.0,/videos/28078430,Philadelphia Voices of Pride,129.0,2011-08-23T21:42:52+00:00,Array,0.0,0.0,0.0,0.0,0.0,0.0,PVP
0,0.0,2.0,0.0,0.0,0.0,/videos/111191333,vogua kiam,255.0,2014-11-07T09:27:00+00:00,Array,0.0,0.0,0.0,0.0,0.0,0.0,VK
0,0.0,6.0,0.0,0.0,0.0,/videos/25944002,"Michaela Angela Davis on Race and Fashion: ""Color is a Distraction""",230.0,2011-07-03T22:21:57+00:00,Array,0.0,0.0,0.0,0.0,0.0,0.0,MAD
0,0.0,1.0,0.0,0.0,0.0,/videos/25913498,Michaela Angela Davis: Did Hip Hop Sell Out to the Fashion Industry?,104.0,2011-07-02T22:33:11+00:00,Array,0.0,0.0,0.0,0.0,0.0,0.0,MAD
0,0.0,1.0,0.0,0.0,0.0,/videos/25696666,"Caroline Weber on Daphne Guinness, Marie Antoinette and the Peril of the Living Mannequin",2070.0,2011-06-28T03:17:50+00:00,Array,0.0,0.0,0.0,0.0,0.0,0.0,PLM
0,0.0,3.0,0.0,0.0,0.0,/videos/16589287,It Goes Unsaid,216.0,2010-11-07T17:28:53+00:00,Array,0.0,0.0,0.0,0.0,0.0,0.0,IGU
0,0.0,3.0,0.0,0.0,0.0,/videos/13692827,Pay Day,1586.0,2010-07-28T02:28:12+00:00,Array,0.0,0.0,0.0,0.0,0.0,0.0,PD
0,0.0,5.0,0.0,0.0,0.0,/videos/11588116,Project Basho,129.0,2010-05-09T02:35:04+00:00,Array,0.0,0.0,0.0,0.0,0.0,0.0,PB
0,0.0,5.0,0.0,0.0,0.0,/videos/11588056,A Day at the Plant,331.0,2010-05-09T02:28:43+00:00,Array,0.0,0.0,0.0,0.0,0.0,0.0,ADP
0,0.0,5.0,0.0,0.0,0.0,/videos/11587726,Spike Lee with Talk Radio News,119.0,2010-05-09T02:03:33+00:00,Array,0.0,0.0,0.0,0.0,0.0,0.0,TRN
0,0.0,5.0,0.0,0.0,0.0,/videos/11587706,Military Sexual Trauma,1610.0,2010-05-09T02:02:01+00:00,Array,0.0,0.0,0.0,0.0,0.0,0.0,MST
0,0.0,5.0,0.0,0.0,0.0,/videos/11578516,Talk Radio News - Dennis Kucinich,381.0,2010-05-08T16:22:50+00:00,Array,0.0,0.0,0.0,0.0,0.0,0.0,TRN
0,0.0,5.0,0.0,0.0,0.0,/videos/11577839,"Senegal: Sights, Sounds and Struggles",286.0,2010-05-08T15:44:57+00:00,Array,0.0,0.0,0.0,0.0,0.0,0.0,SSS
0,0.0,3.0,0.0,0.0,0.0,/videos/9768044,FAME: Kade Style (Anniversary Cut!),627.0,2010-02-26T21:33:50+00:00,Array,0.0,0.0,0.0,0.0,0.0,0.0,FM
0,0.0,2.0,0.0,0.0,0.0,/videos/106302225,stargayzer at north door 4,33.0,2014-09-16T17:08:17+00:00,Array,0.0,0.0,0.0,0.0,0.0,0.0,None
0,0.0,2.0,0.0,0.0,0.0,/videos/11565788,MEET - Episode Three - JORDAN 10AM,218.0,2010-05-07T22:22:54+00:00,Array,0.0,0.0,0.0,0.0,0.0,0.0,MT
0,0.0,2.0,0.0,0.0,0.0,/videos/11565555,MEET - Episode One - JORDAN 9AM,235.0,2010-05-07T22:11:34+00:00,Array,0.0,0.0,0.0,0.0,0.0,0.0,MT
0,0.0,21.0,0.0,0.0,0.0,/videos/10225370,"Artspace Underground, February 2010",376.0,2010-03-17T04:45:04+00:00,Array,0.0,0.0,0.0,0.0,0.0,0.0,None
